occurrenceid,type,modified,language,license,rightsholder,accessrights,datasetid,institutioncode,datasetname,ownerinstitutioncode,basisofrecord,informationwithheld,dynamicproperties,sex,lifestage,organismid,organismname,samplingprotocol,samplingeffort,eventdate,minimumelevationinmeters,minimumdistanceabovesurfaceinmeters,decimallatitude,decimallongitude,geodeticdatum,coordinateuncertaintyinmeters,georeferenceddate,georeferenceprotocol,georeferencesources,georeferenceverificationstatus,scientificname,kingdom,phylum,class,_order,family,genus,specificepithet,taxonrank,scientificnameauthorship,vernacularname,nomenclaturalcode
586:20130516200127,Event,2015-04-29T09:34:49Z,en,http://creativecommons.org/publicdomain/zero/1.0/,INBO,http://www.inbo.be/en/norms-for-data-use,http://dataset.inbo.be/bird-tracking-wmh-occurrences,INBO,Bird tracking - GPS tracking of Western Marsh Harriers breeding near the Belgium-Netherlands border,INBO,MachineObservation,see metadata,"{""device_info_serial"":586}",female,adult,H173481,Mia,doi:10.1007/s10336-012-0908-1,"{""secondsSinceLastOccurrence"":}",2013-05-16T20:01:27Z,0,0,51.2788585,3.5956399,WGS84,9,2013-05-16T20:01:27Z,doi:10.1080/13658810412331280211,GPS,unverified,Circus aeruginosus,Animalia,Chordata,Aves,Falconiformes,Accipitridae,Circus,aeruginosus,species,"(Linnaeus, 1758)",Western Marsh Harrier,ICZN
586:20130516210208,Event,2015-04-29T09:34:49Z,en,http://creativecommons.org/publicdomain/zero/1.0/,INBO,http://www.inbo.be/en/norms-for-data-use,http://dataset.inbo.be/bird-tracking-wmh-occurrences,INBO,Bird tracking - GPS tracking of Western Marsh Harriers breeding near the Belgium-Netherlands border,INBO,MachineObservation,see metadata,"{""device_info_serial"":586}",female,adult,H173481,Mia,doi:10.1007/s10336-012-0908-1,"{""secondsSinceLastOccurrence"":3641}",2013-05-16T21:02:08Z,0,2,51.2788953,3.595643,WGS84,11,2013-05-16T21:02:08Z,doi:10.1080/13658810412331280211,GPS,unverified,Circus aeruginosus,Animalia,Chordata,Aves,Falconiformes,Accipitridae,Circus,aeruginosus,species,"(Linnaeus, 1758)",Western Marsh Harrier,ICZN
586:20130516220232,Event,2015-04-29T09:34:49Z,en,http://creativecommons.org/publicdomain/zero/1.0/,INBO,http://www.inbo.be/en/norms-for-data-use,http://dataset.inbo.be/bird-tracking-wmh-occurrences,INBO,Bird tracking - GPS tracking of Western Marsh Harriers breeding near the Belgium-Netherlands border,INBO,MachineObservation,see metadata,"{""device_info_serial"":586}",female,adult,H173481,Mia,doi:10.1007/s10336-012-0908-1,"{""secondsSinceLastOccurrence"":3624}",2013-05-16T22:02:32Z,0,2,51.2788883,3.5955786,WGS84,14,2013-05-16T22:02:32Z,doi:10.1080/13658810412331280211,GPS,unverified,Circus aeruginosus,Animalia,Chordata,Aves,Falconiformes,Accipitridae,Circus,aeruginosus,species,"(Linnaeus, 1758)",Western Marsh Harrier,ICZN
586:20130516230231,Event,2015-04-29T09:34:49Z,en,http://creativecommons.org/publicdomain/zero/1.0/,INBO,http://www.inbo.be/en/norms-for-data-use,http://dataset.inbo.be/bird-tracking-wmh-occurrences,INBO,Bird tracking - GPS tracking of Western Marsh Harriers breeding near the Belgium-Netherlands border,INBO,MachineObservation,see metadata,"{""device_info_serial"":586}",female,adult,H173481,Mia,doi:10.1007/s10336-012-0908-1,"{""secondsSinceLastOccurrence"":3599}",2013-05-16T23:02:31Z,0,-6,51.2789204,3.5956594,WGS84,12,2013-05-16T23:02:31Z,doi:10.1080/13658810412331280211,GPS,unverified,Circus aeruginosus,Animalia,Chordata,Aves,Falconiformes,Accipitridae,Circus,aeruginosus,species,"(Linnaeus, 1758)",Western Marsh Harrier,ICZN
586:20130517000309,Event,2015-04-29T09:34:49Z,en,http://creativecommons.org/publicdomain/zero/1.0/,INBO,http://www.inbo.be/en/norms-for-data-use,http://dataset.inbo.be/bird-tracking-wmh-occurrences,INBO,Bird tracking - GPS tracking of Western Marsh Harriers breeding near the Belgium-Netherlands border,INBO,MachineObservation,see metadata,"{""device_info_serial"":586}",female,adult,H173481,Mia,doi:10.1007/s10336-012-0908-1,"{""secondsSinceLastOccurrence"":3638}",2013-05-17T00:03:09Z,0,-2,51.2788601,3.5956162,WGS84,11,2013-05-17T00:03:09Z,doi:10.1080/13658810412331280211,GPS,unverified,Circus aeruginosus,Animalia,Chordata,Aves,Falconiformes,Accipitridae,Circus,aeruginosus,species,"(Linnaeus, 1758)",Western Marsh Harrier,ICZN
586:20130517010303,Event,2015-04-29T09:34:49Z,en,http://creativecommons.org/publicdomain/zero/1.0/,INBO,http://www.inbo.be/en/norms-for-data-use,http://dataset.inbo.be/bird-tracking-wmh-occurrences,INBO,Bird tracking - GPS tracking of Western Marsh Harriers breeding near the Belgium-Netherlands border,INBO,MachineObservation,see metadata,"{""device_info_serial"":586}",female,adult,H173481,Mia,doi:10.1007/s10336-012-0908-1,"{""secondsSinceLastOccurrence"":3594}",2013-05-17T01:03:03Z,0,3,51.2788524,3.5956595,WGS84,8,2013-05-17T01:03:03Z,doi:10.1080/13658810412331280211,GPS,unverified,Circus aeruginosus,Animalia,Chordata,Aves,Falconiformes,Accipitridae,Circus,aeruginosus,species,"(Linnaeus, 1758)",Western Marsh Harrier,ICZN
586:20130517020336,Event,2015-04-29T09:34:49Z,en,http://creativecommons.org/publicdomain/zero/1.0/,INBO,http://www.inbo.be/en/norms-for-data-use,http://dataset.inbo.be/bird-tracking-wmh-occurrences,INBO,Bird tracking - GPS tracking of Western Marsh Harriers breeding near the Belgium-Netherlands border,INBO,MachineObservation,see metadata,"{""device_info_serial"":586}",female,adult,H173481,Mia,doi:10.1007/s10336-012-0908-1,"{""secondsSinceLastOccurrence"":3633}",2013-05-17T02:03:36Z,0,-4,51.2788529,3.5956232,WGS84,15,2013-05-17T02:03:36Z,doi:10.1080/13658810412331280211,GPS,unverified,Circus aeruginosus,Animalia,Chordata,Aves,Falconiformes,Accipitridae,Circus,aeruginosus,species,"(Linnaeus, 1758)",Western Marsh Harrier,ICZN
586:20130517030339,Event,2015-04-29T09:34:49Z,en,http://creativecommons.org/publicdomain/zero/1.0/,INBO,http://www.inbo.be/en/norms-for-data-use,http://dataset.inbo.be/bird-tracking-wmh-occurrences,INBO,Bird tracking - GPS tracking of Western Marsh Harriers breeding near the Belgium-Netherlands border,INBO,MachineObservation,see metadata,"{""device_info_serial"":586}",female,adult,H173481,Mia,doi:10.1007/s10336-012-0908-1,"{""secondsSinceLastOccurrence"":3603}",2013-05-17T03:03:39Z,0,-4,51.2788534,3.595619,WGS84,20,2013-05-17T03:03:39Z,doi:10.1080/13658810412331280211,GPS,unverified,Circus aeruginosus,Animalia,Chordata,Aves,Falconiformes,Accipitridae,Circus,aeruginosus,species,"(Linnaeus, 1758)",Western Marsh Harrier,ICZN
586:20130517040347,Event,2015-04-29T09:34:49Z,en,http://creativecommons.org/publicdomain/zero/1.0/,INBO,http://www.inbo.be/en/norms-for-data-use,http://dataset.inbo.be/bird-tracking-wmh-occurrences,INBO,Bird tracking - GPS tracking of Western Marsh Harriers breeding near the Belgium-Netherlands border,INBO,MachineObservation,see metadata,"{""device_info_serial"":586}",female,adult,H173481,Mia,doi:10.1007/s10336-012-0908-1,"{""secondsSinceLastOccurrence"":3608}",2013-05-17T04:03:47Z,0,-41,51.2789621,3.5953409,WGS84,32,2013-05-17T04:03:47Z,doi:10.1080/13658810412331280211,GPS,unverified,Circus aeruginosus,Animalia,Chordata,Aves,Falconiformes,Accipitridae,Circus,aeruginosus,species,"(Linnaeus, 1758)",Western Marsh Harrier,ICZN
586:20130517050409,Event,2015-04-29T09:34:49Z,en,http://creativecommons.org/publicdomain/zero/1.0/,INBO,http://www.inbo.be/en/norms-for-data-use,http://dataset.inbo.be/bird-tracking-wmh-occurrences,INBO,Bird tracking - GPS tracking of Western Marsh Harriers breeding near the Belgium-Netherlands border,INBO,MachineObservation,see metadata,"{""device_info_serial"":586}",female,adult,H173481,Mia,doi:10.1007/s10336-012-0908-1,"{""secondsSinceLastOccurrence"":3622}",2013-05-17T05:04:09Z,0,1,51.2794499,3.5967279,WGS84,6,2013-05-17T05:04:09Z,doi:10.1080/13658810412331280211,GPS,unverified,Circus aeruginosus,Animalia,Chordata,Aves,Falconiformes,Accipitridae,Circus,aeruginosus,species,"(Linnaeus, 1758)",Western Marsh Harrier,ICZN
586:20130517060139,Event,2015-04-29T09:34:49Z,en,http://creativecommons.org/publicdomain/zero/1.0/,INBO,http://www.inbo.be/en/norms-for-data-use,http://dataset.inbo.be/bird-tracking-wmh-occurrences,INBO,Bird tracking - GPS tracking of Western Marsh Harriers breeding near the Belgium-Netherlands border,INBO,MachineObservation,see metadata,"{""device_info_serial"":586}",female,adult,H173481,Mia,doi:10.1007/s10336-012-0908-1,"{""secondsSinceLastOccurrence"":3450}",2013-05-17T06:01:39Z,0,3,51.2788502,3.5956068,WGS84,7,2013-05-17T06:01:39Z,doi:10.1080/13658810412331280211,GPS,unverified,Circus aeruginosus,Animalia,Chordata,Aves,Falconiformes,Accipitridae,Circus,aeruginosus,species,"(Linnaeus, 1758)",Western Marsh Harrier,ICZN
586:20130517062159,Event,2015-04-29T09:34:49Z,en,http://creativecommons.org/publicdomain/zero/1.0/,INBO,http://www.inbo.be/en/norms-for-data-use,http://dataset.inbo.be/bird-tracking-wmh-occurrences,INBO,Bird tracking - GPS tracking of Western Marsh Harriers breeding near the Belgium-Netherlands border,INBO,MachineObservation,see metadata,"{""device_info_serial"":586}",female,adult,H173481,Mia,doi:10.1007/s10336-012-0908-1,"{""secondsSinceLastOccurrence"":1220}",2013-05-17T06:21:59Z,0,6,51.2788355,3.5956291,WGS84,5,2013-05-17T06:21:59Z,doi:10.1080/13658810412331280211,GPS,unverified,Circus aeruginosus,Animalia,Chordata,Aves,Falconiformes,Accipitridae,Circus,aeruginosus,species,"(Linnaeus, 1758)",Western Marsh Harrier,ICZN
586:20130517064159,Event,2015-04-29T09:34:49Z,en,http://creativecommons.org/publicdomain/zero/1.0/,INBO,http://www.inbo.be/en/norms-for-data-use,http://dataset.inbo.be/bird-tracking-wmh-occurrences,INBO,Bird tracking - GPS tracking of Western Marsh Harriers breeding near the Belgium-Netherlands border,INBO,MachineObservation,see metadata,"{""device_info_serial"":586}",female,adult,H173481,Mia,doi:10.1007/s10336-012-0908-1,"{""secondsSinceLastOccurrence"":1200}",2013-05-17T06:41:59Z,0,-5,51.2788665,3.5956128,WGS84,7,2013-05-17T06:41:59Z,doi:10.1080/13658810412331280211,GPS,unverified,Circus aeruginosus,Animalia,Chordata,Aves,Falconiformes,Accipitridae,Circus,aeruginosus,species,"(Linnaeus, 1758)",Western Marsh Harrier,ICZN
586:20130517070216,Event,2015-04-29T09:34:49Z,en,http://creativecommons.org/publicdomain/zero/1.0/,INBO,http://www.inbo.be/en/norms-for-data-use,http://dataset.inbo.be/bird-tracking-wmh-occurrences,INBO,Bird tracking - GPS tracking of Western Marsh Harriers breeding near the Belgium-Netherlands border,INBO,MachineObservation,see metadata,"{""device_info_serial"":586}",female,adult,H173481,Mia,doi:10.1007/s10336-012-0908-1,"{""secondsSinceLastOccurrence"":1217}",2013-05-17T07:02:16Z,0,-2,51.2794289,3.5934722,WGS84,5,2013-05-17T07:02:16Z,doi:10.1080/13658810412331280211,GPS,unverified,Circus aeruginosus,Animalia,Chordata,Aves,Falconiformes,Accipitridae,Circus,aeruginosus,species,"(Linnaeus, 1758)",Western Marsh Harrier,ICZN
586:20130517072215,Event,2015-04-29T09:34:49Z,en,http://creativecommons.org/publicdomain/zero/1.0/,INBO,http://www.inbo.be/en/norms-for-data-use,http://dataset.inbo.be/bird-tracking-wmh-occurrences,INBO,Bird tracking - GPS tracking of Western Marsh Harriers breeding near the Belgium-Netherlands border,INBO,MachineObservation,see metadata,"{""device_info_serial"":586}",female,adult,H173481,Mia,doi:10.1007/s10336-012-0908-1,"{""secondsSinceLastOccurrence"":1199}",2013-05-17T07:22:15Z,0,2,51.2788494,3.595635,WGS84,5,2013-05-17T07:22:15Z,doi:10.1080/13658810412331280211,GPS,unverified,Circus aeruginosus,Animalia,Chordata,Aves,Falconiformes,Accipitridae,Circus,aeruginosus,species,"(Linnaeus, 1758)",Western Marsh Harrier,ICZN
586:20130517074227,Event,2015-04-29T09:34:49Z,en,http://creativecommons.org/publicdomain/zero/1.0/,INBO,http://www.inbo.be/en/norms-for-data-use,http://dataset.inbo.be/bird-tracking-wmh-occurrences,INBO,Bird tracking - GPS tracking of Western Marsh Harriers breeding near the Belgium-Netherlands border,INBO,MachineObservation,see metadata,"{""device_info_serial"":586}",female,adult,H173481,Mia,doi:10.1007/s10336-012-0908-1,"{""secondsSinceLastOccurrence"":1212}",2013-05-17T07:42:27Z,0,0,51.2787966,3.5956648,WGS84,9,2013-05-17T07:42:27Z,doi:10.1080/13658810412331280211,GPS,unverified,Circus aeruginosus,Animalia,Chordata,Aves,Falconiformes,Accipitridae,Circus,aeruginosus,species,"(Linnaeus, 1758)",Western Marsh Harrier,ICZN
586:20130517080253,Event,2015-04-29T09:34:49Z,en,http://creativecommons.org/publicdomain/zero/1.0/,INBO,http://www.inbo.be/en/norms-for-data-use,http://dataset.inbo.be/bird-tracking-wmh-occurrences,INBO,Bird tracking - GPS tracking of Western Marsh Harriers breeding near the Belgium-Netherlands border,INBO,MachineObservation,see metadata,"{""device_info_serial"":586}",female,adult,H173481,Mia,doi:10.1007/s10336-012-0908-1,"{""secondsSinceLastOccurrence"":1226}",2013-05-17T08:02:53Z,0,-8,51.2786366,3.5958303,WGS84,30,2013-05-17T08:02:53Z,doi:10.1080/13658810412331280211,GPS,unverified,Circus aeruginosus,Animalia,Chordata,Aves,Falconiformes,Accipitridae,Circus,aeruginosus,species,"(Linnaeus, 1758)",Western Marsh Harrier,ICZN
586:20130517082247,Event,2015-04-29T09:34:49Z,en,http://creativecommons.org/publicdomain/zero/1.0/,INBO,http://www.inbo.be/en/norms-for-data-use,http://dataset.inbo.be/bird-tracking-wmh-occurrences,INBO,Bird tracking - GPS tracking of Western Marsh Harriers breeding near the Belgium-Netherlands border,INBO,MachineObservation,see metadata,"{""device_info_serial"":586}",female,adult,H173481,Mia,doi:10.1007/s10336-012-0908-1,"{""secondsSinceLastOccurrence"":1194}",2013-05-17T08:22:47Z,0,-4,51.2789929,3.5953911,WGS84,22,2013-05-17T08:22:47Z,doi:10.1080/13658810412331280211,GPS,unverified,Circus aeruginosus,Animalia,Chordata,Aves,Falconiformes,Accipitridae,Circus,aeruginosus,species,"(Linnaeus, 1758)",Western Marsh Harrier,ICZN
586:20130517084303,Event,2015-04-29T09:34:49Z,en,http://creativecommons.org/publicdomain/zero/1.0/,INBO,http://www.inbo.be/en/norms-for-data-use,http://dataset.inbo.be/bird-tracking-wmh-occurrences,INBO,Bird tracking - GPS tracking of Western Marsh Harriers breeding near the Belgium-Netherlands border,INBO,MachineObservation,see metadata,"{""device_info_serial"":586}",female,adult,H173481,Mia,doi:10.1007/s10336-012-0908-1,"{""secondsSinceLastOccurrence"":1216}",2013-05-17T08:43:03Z,0,-2,51.2789026,3.5954817,WGS84,16,2013-05-17T08:43:03Z,doi:10.1080/13658810412331280211,GPS,unverified,Circus aeruginosus,Animalia,Chordata,Aves,Falconiformes,Accipitridae,Circus,aeruginosus,species,"(Linnaeus, 1758)",Western Marsh Harrier,ICZN
586:20130517090302,Event,2015-04-29T09:34:49Z,en,http://creativecommons.org/publicdomain/zero/1.0/,INBO,http://www.inbo.be/en/norms-for-data-use,http://dataset.inbo.be/bird-tracking-wmh-occurrences,INBO,Bird tracking - GPS tracking of Western Marsh Harriers breeding near the Belgium-Netherlands border,INBO,MachineObservation,see metadata,"{""device_info_serial"":586}",female,adult,H173481,Mia,doi:10.1007/s10336-012-0908-1,"{""secondsSinceLastOccurrence"":1199}",2013-05-17T09:03:02Z,0,5,51.2807484,3.594601,WGS84,14,2013-05-17T09:03:02Z,doi:10.1080/13658810412331280211,GPS,unverified,Circus aeruginosus,Animalia,Chordata,Aves,Falconiformes,Accipitridae,Circus,aeruginosus,species,"(Linnaeus, 1758)",Western Marsh Harrier,ICZN
586:20130517092305,Event,2015-04-29T09:34:49Z,en,http://creativecommons.org/publicdomain/zero/1.0/,INBO,http://www.inbo.be/en/norms-for-data-use,http://dataset.inbo.be/bird-tracking-wmh-occurrences,INBO,Bird tracking - GPS tracking of Western Marsh Harriers breeding near the Belgium-Netherlands border,INBO,MachineObservation,see metadata,"{""device_info_serial"":586}",female,adult,H173481,Mia,doi:10.1007/s10336-012-0908-1,"{""secondsSinceLastOccurrence"":1203}",2013-05-17T09:23:05Z,0,-3,51.2788317,3.5956652,WGS84,34,2013-05-17T09:23:05Z,doi:10.1080/13658810412331280211,GPS,unverified,Circus aeruginosus,Animalia,Chordata,Aves,Falconiformes,Accipitridae,Circus,aeruginosus,species,"(Linnaeus, 1758)",Western Marsh Harrier,ICZN
586:20130517094356,Event,2015-04-29T09:34:49Z,en,http://creativecommons.org/publicdomain/zero/1.0/,INBO,http://www.inbo.be/en/norms-for-data-use,http://dataset.inbo.be/bird-tracking-wmh-occurrences,INBO,Bird tracking - GPS tracking of Western Marsh Harriers breeding near the Belgium-Netherlands border,INBO,MachineObservation,see metadata,"{""device_info_serial"":586}",female,adult,H173481,Mia,doi:10.1007/s10336-012-0908-1,"{""secondsSinceLastOccurrence"":1251}",2013-05-17T09:43:56Z,0,-1,51.2788782,3.5956235,WGS84,8,2013-05-17T09:43:56Z,doi:10.1080/13658810412331280211,GPS,unverified,Circus aeruginosus,Animalia,Chordata,Aves,Falconiformes,Accipitridae,Circus,aeruginosus,species,"(Linnaeus, 1758)",Western Marsh Harrier,ICZN
586:20130517100400,Event,2015-04-29T09:34:49Z,en,http://creativecommons.org/publicdomain/zero/1.0/,INBO,http://www.inbo.be/en/norms-for-data-use,http://dataset.inbo.be/bird-tracking-wmh-occurrences,INBO,Bird tracking - GPS tracking of Western Marsh Harriers breeding near the Belgium-Netherlands border,INBO,MachineObservation,see metadata,"{""device_info_serial"":586}",female,adult,H173481,Mia,doi:10.1007/s10336-012-0908-1,"{""secondsSinceLastOccurrence"":1204}",2013-05-17T10:04:00Z,0,-6,51.2788665,3.5956228,WGS84,12,2013-05-17T10:04:00Z,doi:10.1080/13658810412331280211,GPS,unverified,Circus aeruginosus,Animalia,Chordata,Aves,Falconiformes,Accipitridae,Circus,aeruginosus,species,"(Linnaeus, 1758)",Western Marsh Harrier,ICZN
586:20130517102437,Event,2015-04-29T09:34:49Z,en,http://creativecommons.org/publicdomain/zero/1.0/,INBO,http://www.inbo.be/en/norms-for-data-use,http://dataset.inbo.be/bird-tracking-wmh-occurrences,INBO,Bird tracking - GPS tracking of Western Marsh Harriers breeding near the Belgium-Netherlands border,INBO,MachineObservation,see metadata,"{""device_info_serial"":586}",female,adult,H173481,Mia,doi:10.1007/s10336-012-0908-1,"{""secondsSinceLastOccurrence"":1237}",2013-05-17T10:24:37Z,0,-20,51.2788649,3.595482,WGS84,20,2013-05-17T10:24:37Z,doi:10.1080/13658810412331280211,GPS,unverified,Circus aeruginosus,Animalia,Chordata,Aves,Falconiformes,Accipitridae,Circus,aeruginosus,species,"(Linnaeus, 1758)",Western Marsh Harrier,ICZN
586:20130517104509,Event,2015-04-29T09:34:49Z,en,http://creativecommons.org/publicdomain/zero/1.0/,INBO,http://www.inbo.be/en/norms-for-data-use,http://dataset.inbo.be/bird-tracking-wmh-occurrences,INBO,Bird tracking - GPS tracking of Western Marsh Harriers breeding near the Belgium-Netherlands border,INBO,MachineObservation,see metadata,"{""device_info_serial"":586}",female,adult,H173481,Mia,doi:10.1007/s10336-012-0908-1,"{""secondsSinceLastOccurrence"":1232}",2013-05-17T10:45:09Z,0,-3,51.2788525,3.595629,WGS84,10,2013-05-17T10:45:09Z,doi:10.1080/13658810412331280211,GPS,unverified,Circus aeruginosus,Animalia,Chordata,Aves,Falconiformes,Accipitridae,Circus,aeruginosus,species,"(Linnaeus, 1758)",Western Marsh Harrier,ICZN
586:20130517110549,Event,2015-04-29T09:34:49Z,en,http://creativecommons.org/publicdomain/zero/1.0/,INBO,http://www.inbo.be/en/norms-for-data-use,http://dataset.inbo.be/bird-tracking-wmh-occurrences,INBO,Bird tracking - GPS tracking of Western Marsh Harriers breeding near the Belgium-Netherlands border,INBO,MachineObservation,see metadata,"{""device_info_serial"":586}",female,adult,H173481,Mia,doi:10.1007/s10336-012-0908-1,"{""secondsSinceLastOccurrence"":1240}",2013-05-17T11:05:49Z,0,-8,51.2788864,3.5957664,WGS84,18,2013-05-17T11:05:49Z,doi:10.1080/13658810412331280211,GPS,unverified,Circus aeruginosus,Animalia,Chordata,Aves,Falconiformes,Accipitridae,Circus,aeruginosus,species,"(Linnaeus, 1758)",Western Marsh Harrier,ICZN
586:20130517112552,Event,2015-04-29T09:34:49Z,en,http://creativecommons.org/publicdomain/zero/1.0/,INBO,http://www.inbo.be/en/norms-for-data-use,http://dataset.inbo.be/bird-tracking-wmh-occurrences,INBO,Bird tracking - GPS tracking of Western Marsh Harriers breeding near the Belgium-Netherlands border,INBO,MachineObservation,see metadata,"{""device_info_serial"":586}",female,adult,H173481,Mia,doi:10.1007/s10336-012-0908-1,"{""secondsSinceLastOccurrence"":1203}",2013-05-17T11:25:52Z,0,-7,51.2788342,3.5956213,WGS84,11,2013-05-17T11:25:52Z,doi:10.1080/13658810412331280211,GPS,unverified,Circus aeruginosus,Animalia,Chordata,Aves,Falconiformes,Accipitridae,Circus,aeruginosus,species,"(Linnaeus, 1758)",Western Marsh Harrier,ICZN
586:20130517114558,Event,2015-04-29T09:34:49Z,en,http://creativecommons.org/publicdomain/zero/1.0/,INBO,http://www.inbo.be/en/norms-for-data-use,http://dataset.inbo.be/bird-tracking-wmh-occurrences,INBO,Bird tracking - GPS tracking of Western Marsh Harriers breeding near the Belgium-Netherlands border,INBO,MachineObservation,see metadata,"{""device_info_serial"":586}",female,adult,H173481,Mia,doi:10.1007/s10336-012-0908-1,"{""secondsSinceLastOccurrence"":1206}",2013-05-17T11:45:58Z,0,-17,51.2788258,3.5956001,WGS84,11,2013-05-17T11:45:58Z,doi:10.1080/13658810412331280211,GPS,unverified,Circus aeruginosus,Animalia,Chordata,Aves,Falconiformes,Accipitridae,Circus,aeruginosus,species,"(Linnaeus, 1758)",Western Marsh Harrier,ICZN
586:20130517120615,Event,2015-04-29T09:34:49Z,en,http://creativecommons.org/publicdomain/zero/1.0/,INBO,http://www.inbo.be/en/norms-for-data-use,http://dataset.inbo.be/bird-tracking-wmh-occurrences,INBO,Bird tracking - GPS tracking of Western Marsh Harriers breeding near the Belgium-Netherlands border,INBO,MachineObservation,see metadata,"{""device_info_serial"":586}",female,adult,H173481,Mia,doi:10.1007/s10336-012-0908-1,"{""secondsSinceLastOccurrence"":1217}",2013-05-17T12:06:15Z,0,-23,51.27886,3.5955443,WGS84,15,2013-05-17T12:06:15Z,doi:10.1080/13658810412331280211,GPS,unverified,Circus aeruginosus,Animalia,Chordata,Aves,Falconiformes,Accipitridae,Circus,aeruginosus,species,"(Linnaeus, 1758)",Western Marsh Harrier,ICZN
586:20130517122703,Event,2015-04-29T09:34:49Z,en,http://creativecommons.org/publicdomain/zero/1.0/,INBO,http://www.inbo.be/en/norms-for-data-use,http://dataset.inbo.be/bird-tracking-wmh-occurrences,INBO,Bird tracking - GPS tracking of Western Marsh Harriers breeding near the Belgium-Netherlands border,INBO,MachineObservation,see metadata,"{""device_info_serial"":586}",female,adult,H173481,Mia,doi:10.1007/s10336-012-0908-1,"{""secondsSinceLastOccurrence"":1248}",2013-05-17T12:27:03Z,0,0,51.2788443,3.5956378,WGS84,5,2013-05-17T12:27:03Z,doi:10.1080/13658810412331280211,GPS,unverified,Circus aeruginosus,Animalia,Chordata,Aves,Falconiformes,Accipitridae,Circus,aeruginosus,species,"(Linnaeus, 1758)",Western Marsh Harrier,ICZN
586:20130517124745,Event,2015-04-29T09:34:49Z,en,http://creativecommons.org/publicdomain/zero/1.0/,INBO,http://www.inbo.be/en/norms-for-data-use,http://dataset.inbo.be/bird-tracking-wmh-occurrences,INBO,Bird tracking - GPS tracking of Western Marsh Harriers breeding near the Belgium-Netherlands border,INBO,MachineObservation,see metadata,"{""device_info_serial"":586}",female,adult,H173481,Mia,doi:10.1007/s10336-012-0908-1,"{""secondsSinceLastOccurrence"":1242}",2013-05-17T12:47:45Z,0,0,51.2788429,3.5956432,WGS84,8,2013-05-17T12:47:45Z,doi:10.1080/13658810412331280211,GPS,unverified,Circus aeruginosus,Animalia,Chordata,Aves,Falconiformes,Accipitridae,Circus,aeruginosus,species,"(Linnaeus, 1758)",Western Marsh Harrier,ICZN
586:20130517130749,Event,2015-04-29T09:34:49Z,en,http://creativecommons.org/publicdomain/zero/1.0/,INBO,http://www.inbo.be/en/norms-for-data-use,http://dataset.inbo.be/bird-tracking-wmh-occurrences,INBO,Bird tracking - GPS tracking of Western Marsh Harriers breeding near the Belgium-Netherlands border,INBO,MachineObservation,see metadata,"{""device_info_serial"":586}",female,adult,H173481,Mia,doi:10.1007/s10336-012-0908-1,"{""secondsSinceLastOccurrence"":1204}",2013-05-17T13:07:49Z,0,0,51.2788506,3.5956388,WGS84,9,2013-05-17T13:07:49Z,doi:10.1080/13658810412331280211,GPS,unverified,Circus aeruginosus,Animalia,Chordata,Aves,Falconiformes,Accipitridae,Circus,aeruginosus,species,"(Linnaeus, 1758)",Western Marsh Harrier,ICZN
586:20130517132808,Event,2015-04-29T09:34:49Z,en,http://creativecommons.org/publicdomain/zero/1.0/,INBO,http://www.inbo.be/en/norms-for-data-use,http://dataset.inbo.be/bird-tracking-wmh-occurrences,INBO,Bird tracking - GPS tracking of Western Marsh Harriers breeding near the Belgium-Netherlands border,INBO,MachineObservation,see metadata,"{""device_info_serial"":586}",female,adult,H173481,Mia,doi:10.1007/s10336-012-0908-1,"{""secondsSinceLastOccurrence"":1219}",2013-05-17T13:28:08Z,0,-2,51.2788475,3.5956581,WGS84,10,2013-05-17T13:28:08Z,doi:10.1080/13658810412331280211,GPS,unverified,Circus aeruginosus,Animalia,Chordata,Aves,Falconiformes,Accipitridae,Circus,aeruginosus,species,"(Linnaeus, 1758)",Western Marsh Harrier,ICZN
586:20130517134806,Event,2015-04-29T09:34:49Z,en,http://creativecommons.org/publicdomain/zero/1.0/,INBO,http://www.inbo.be/en/norms-for-data-use,http://dataset.inbo.be/bird-tracking-wmh-occurrences,INBO,Bird tracking - GPS tracking of Western Marsh Harriers breeding near the Belgium-Netherlands border,INBO,MachineObservation,see metadata,"{""device_info_serial"":586}",female,adult,H173481,Mia,doi:10.1007/s10336-012-0908-1,"{""secondsSinceLastOccurrence"":1198}",2013-05-17T13:48:06Z,0,-1,51.2787757,3.5956875,WGS84,13,2013-05-17T13:48:06Z,doi:10.1080/13658810412331280211,GPS,unverified,Circus aeruginosus,Animalia,Chordata,Aves,Falconiformes,Accipitridae,Circus,aeruginosus,species,"(Linnaeus, 1758)",Western Marsh Harrier,ICZN
586:20130517140810,Event,2015-04-29T09:34:49Z,en,http://creativecommons.org/publicdomain/zero/1.0/,INBO,http://www.inbo.be/en/norms-for-data-use,http://dataset.inbo.be/bird-tracking-wmh-occurrences,INBO,Bird tracking - GPS tracking of Western Marsh Harriers breeding near the Belgium-Netherlands border,INBO,MachineObservation,see metadata,"{""device_info_serial"":586}",female,adult,H173481,Mia,doi:10.1007/s10336-012-0908-1,"{""secondsSinceLastOccurrence"":1204}",2013-05-17T14:08:10Z,0,-10,51.2787895,3.5956276,WGS84,31,2013-05-17T14:08:10Z,doi:10.1080/13658810412331280211,GPS,unverified,Circus aeruginosus,Animalia,Chordata,Aves,Falconiformes,Accipitridae,Circus,aeruginosus,species,"(Linnaeus, 1758)",Western Marsh Harrier,ICZN
586:20130517142824,Event,2015-04-29T09:34:49Z,en,http://creativecommons.org/publicdomain/zero/1.0/,INBO,http://www.inbo.be/en/norms-for-data-use,http://dataset.inbo.be/bird-tracking-wmh-occurrences,INBO,Bird tracking - GPS tracking of Western Marsh Harriers breeding near the Belgium-Netherlands border,INBO,MachineObservation,see metadata,"{""device_info_serial"":586}",female,adult,H173481,Mia,doi:10.1007/s10336-012-0908-1,"{""secondsSinceLastOccurrence"":1214}",2013-05-17T14:28:24Z,0,-16,51.2788232,3.5957442,WGS84,34,2013-05-17T14:28:24Z,doi:10.1080/13658810412331280211,GPS,unverified,Circus aeruginosus,Animalia,Chordata,Aves,Falconiformes,Accipitridae,Circus,aeruginosus,species,"(Linnaeus, 1758)",Western Marsh Harrier,ICZN
586:20130517144846,Event,2015-04-29T09:34:49Z,en,http://creativecommons.org/publicdomain/zero/1.0/,INBO,http://www.inbo.be/en/norms-for-data-use,http://dataset.inbo.be/bird-tracking-wmh-occurrences,INBO,Bird tracking - GPS tracking of Western Marsh Harriers breeding near the Belgium-Netherlands border,INBO,MachineObservation,see metadata,"{""device_info_serial"":586}",female,adult,H173481,Mia,doi:10.1007/s10336-012-0908-1,"{""secondsSinceLastOccurrence"":1222}",2013-05-17T14:48:46Z,0,0,51.2788436,3.5957181,WGS84,78,2013-05-17T14:48:46Z,doi:10.1080/13658810412331280211,GPS,unverified,Circus aeruginosus,Animalia,Chordata,Aves,Falconiformes,Accipitridae,Circus,aeruginosus,species,"(Linnaeus, 1758)",Western Marsh Harrier,ICZN
586:20130517150938,Event,2015-04-29T09:34:49Z,en,http://creativecommons.org/publicdomain/zero/1.0/,INBO,http://www.inbo.be/en/norms-for-data-use,http://dataset.inbo.be/bird-tracking-wmh-occurrences,INBO,Bird tracking - GPS tracking of Western Marsh Harriers breeding near the Belgium-Netherlands border,INBO,MachineObservation,see metadata,"{""device_info_serial"":586}",female,adult,H173481,Mia,doi:10.1007/s10336-012-0908-1,"{""secondsSinceLastOccurrence"":1252}",2013-05-17T15:09:38Z,0,-14,51.2789596,3.595684,WGS84,12,2013-05-17T15:09:38Z,doi:10.1080/13658810412331280211,GPS,unverified,Circus aeruginosus,Animalia,Chordata,Aves,Falconiformes,Accipitridae,Circus,aeruginosus,species,"(Linnaeus, 1758)",Western Marsh Harrier,ICZN
586:20130517152942,Event,2015-04-29T09:34:49Z,en,http://creativecommons.org/publicdomain/zero/1.0/,INBO,http://www.inbo.be/en/norms-for-data-use,http://dataset.inbo.be/bird-tracking-wmh-occurrences,INBO,Bird tracking - GPS tracking of Western Marsh Harriers breeding near the Belgium-Netherlands border,INBO,MachineObservation,see metadata,"{""device_info_serial"":586}",female,adult,H173481,Mia,doi:10.1007/s10336-012-0908-1,"{""secondsSinceLastOccurrence"":1204}",2013-05-17T15:29:42Z,0,4,51.2789228,3.5956889,WGS84,16,2013-05-17T15:29:42Z,doi:10.1080/13658810412331280211,GPS,unverified,Circus aeruginosus,Animalia,Chordata,Aves,Falconiformes,Accipitridae,Circus,aeruginosus,species,"(Linnaeus, 1758)",Western Marsh Harrier,ICZN
586:20130517154952,Event,2015-04-29T09:34:49Z,en,http://creativecommons.org/publicdomain/zero/1.0/,INBO,http://www.inbo.be/en/norms-for-data-use,http://dataset.inbo.be/bird-tracking-wmh-occurrences,INBO,Bird tracking - GPS tracking of Western Marsh Harriers breeding near the Belgium-Netherlands border,INBO,MachineObservation,see metadata,"{""device_info_serial"":586}",female,adult,H173481,Mia,doi:10.1007/s10336-012-0908-1,"{""secondsSinceLastOccurrence"":1210}",2013-05-17T15:49:52Z,0,-2,51.2788945,3.5956459,WGS84,14,2013-05-17T15:49:52Z,doi:10.1080/13658810412331280211,GPS,unverified,Circus aeruginosus,Animalia,Chordata,Aves,Falconiformes,Accipitridae,Circus,aeruginosus,species,"(Linnaeus, 1758)",Western Marsh Harrier,ICZN
586:20130517161025,Event,2015-04-29T09:34:49Z,en,http://creativecommons.org/publicdomain/zero/1.0/,INBO,http://www.inbo.be/en/norms-for-data-use,http://dataset.inbo.be/bird-tracking-wmh-occurrences,INBO,Bird tracking - GPS tracking of Western Marsh Harriers breeding near the Belgium-Netherlands border,INBO,MachineObservation,see metadata,"{""device_info_serial"":586}",female,adult,H173481,Mia,doi:10.1007/s10336-012-0908-1,"{""secondsSinceLastOccurrence"":1233}",2013-05-17T16:10:25Z,0,-1,51.2788786,3.595632,WGS84,17,2013-05-17T16:10:25Z,doi:10.1080/13658810412331280211,GPS,unverified,Circus aeruginosus,Animalia,Chordata,Aves,Falconiformes,Accipitridae,Circus,aeruginosus,species,"(Linnaeus, 1758)",Western Marsh Harrier,ICZN
586:20130517163040,Event,2015-04-29T09:34:49Z,en,http://creativecommons.org/publicdomain/zero/1.0/,INBO,http://www.inbo.be/en/norms-for-data-use,http://dataset.inbo.be/bird-tracking-wmh-occurrences,INBO,Bird tracking - GPS tracking of Western Marsh Harriers breeding near the Belgium-Netherlands border,INBO,MachineObservation,see metadata,"{""device_info_serial"":586}",female,adult,H173481,Mia,doi:10.1007/s10336-012-0908-1,"{""secondsSinceLastOccurrence"":1215}",2013-05-17T16:30:40Z,0,7,51.2787379,3.5956963,WGS84,37,2013-05-17T16:30:40Z,doi:10.1080/13658810412331280211,GPS,unverified,Circus aeruginosus,Animalia,Chordata,Aves,Falconiformes,Accipitridae,Circus,aeruginosus,species,"(Linnaeus, 1758)",Western Marsh Harrier,ICZN
586:20130517165114,Event,2015-04-29T09:34:49Z,en,http://creativecommons.org/publicdomain/zero/1.0/,INBO,http://www.inbo.be/en/norms-for-data-use,http://dataset.inbo.be/bird-tracking-wmh-occurrences,INBO,Bird tracking - GPS tracking of Western Marsh Harriers breeding near the Belgium-Netherlands border,INBO,MachineObservation,see metadata,"{""device_info_serial"":586}",female,adult,H173481,Mia,doi:10.1007/s10336-012-0908-1,"{""secondsSinceLastOccurrence"":1234}",2013-05-17T16:51:14Z,0,12,51.2784491,3.5957361,WGS84,40,2013-05-17T16:51:14Z,doi:10.1080/13658810412331280211,GPS,unverified,Circus aeruginosus,Animalia,Chordata,Aves,Falconiformes,Accipitridae,Circus,aeruginosus,species,"(Linnaeus, 1758)",Western Marsh Harrier,ICZN
586:20130517171131,Event,2015-04-29T09:34:49Z,en,http://creativecommons.org/publicdomain/zero/1.0/,INBO,http://www.inbo.be/en/norms-for-data-use,http://dataset.inbo.be/bird-tracking-wmh-occurrences,INBO,Bird tracking - GPS tracking of Western Marsh Harriers breeding near the Belgium-Netherlands border,INBO,MachineObservation,see metadata,"{""device_info_serial"":586}",female,adult,H173481,Mia,doi:10.1007/s10336-012-0908-1,"{""secondsSinceLastOccurrence"":1217}",2013-05-17T17:11:31Z,0,25,51.2785533,3.5958516,WGS84,60,2013-05-17T17:11:31Z,doi:10.1080/13658810412331280211,GPS,unverified,Circus aeruginosus,Animalia,Chordata,Aves,Falconiformes,Accipitridae,Circus,aeruginosus,species,"(Linnaeus, 1758)",Western Marsh Harrier,ICZN
586:20130517173308,Event,2015-04-29T09:34:49Z,en,http://creativecommons.org/publicdomain/zero/1.0/,INBO,http://www.inbo.be/en/norms-for-data-use,http://dataset.inbo.be/bird-tracking-wmh-occurrences,INBO,Bird tracking - GPS tracking of Western Marsh Harriers breeding near the Belgium-Netherlands border,INBO,MachineObservation,see metadata,"{""device_info_serial"":586}",female,adult,H173481,Mia,doi:10.1007/s10336-012-0908-1,"{""secondsSinceLastOccurrence"":1297}",2013-05-17T17:33:08Z,0,-1,51.2792951,3.5949927,WGS84,22,2013-05-17T17:33:08Z,doi:10.1080/13658810412331280211,GPS,unverified,Circus aeruginosus,Animalia,Chordata,Aves,Falconiformes,Accipitridae,Circus,aeruginosus,species,"(Linnaeus, 1758)",Western Marsh Harrier,ICZN
586:20130517175344,Event,2015-04-29T09:34:49Z,en,http://creativecommons.org/publicdomain/zero/1.0/,INBO,http://www.inbo.be/en/norms-for-data-use,http://dataset.inbo.be/bird-tracking-wmh-occurrences,INBO,Bird tracking - GPS tracking of Western Marsh Harriers breeding near the Belgium-Netherlands border,INBO,MachineObservation,see metadata,"{""device_info_serial"":586}",female,adult,H173481,Mia,doi:10.1007/s10336-012-0908-1,"{""secondsSinceLastOccurrence"":1236}",2013-05-17T17:53:44Z,0,0,51.2787365,3.5955985,WGS84,30,2013-05-17T17:53:44Z,doi:10.1080/13658810412331280211,GPS,unverified,Circus aeruginosus,Animalia,Chordata,Aves,Falconiformes,Accipitridae,Circus,aeruginosus,species,"(Linnaeus, 1758)",Western Marsh Harrier,ICZN
586:20130517181427,Event,2015-04-29T09:34:49Z,en,http://creativecommons.org/publicdomain/zero/1.0/,INBO,http://www.inbo.be/en/norms-for-data-use,http://dataset.inbo.be/bird-tracking-wmh-occurrences,INBO,Bird tracking - GPS tracking of Western Marsh Harriers breeding near the Belgium-Netherlands border,INBO,MachineObservation,see metadata,"{""device_info_serial"":586}",female,adult,H173481,Mia,doi:10.1007/s10336-012-0908-1,"{""secondsSinceLastOccurrence"":1243}",2013-05-17T18:14:27Z,0,2,51.2788594,3.5956438,WGS84,14,2013-05-17T18:14:27Z,doi:10.1080/13658810412331280211,GPS,unverified,Circus aeruginosus,Animalia,Chordata,Aves,Falconiformes,Accipitridae,Circus,aeruginosus,species,"(Linnaeus, 1758)",Western Marsh Harrier,ICZN
586:20130517183509,Event,2015-04-29T09:34:49Z,en,http://creativecommons.org/publicdomain/zero/1.0/,INBO,http://www.inbo.be/en/norms-for-data-use,http://dataset.inbo.be/bird-tracking-wmh-occurrences,INBO,Bird tracking - GPS tracking of Western Marsh Harriers breeding near the Belgium-Netherlands border,INBO,MachineObservation,see metadata,"{""device_info_serial"":586}",female,adult,H173481,Mia,doi:10.1007/s10336-012-0908-1,"{""secondsSinceLastOccurrence"":1242}",2013-05-17T18:35:09Z,0,-1,51.2788728,3.5956338,WGS84,9,2013-05-17T18:35:09Z,doi:10.1080/13658810412331280211,GPS,unverified,Circus aeruginosus,Animalia,Chordata,Aves,Falconiformes,Accipitridae,Circus,aeruginosus,species,"(Linnaeus, 1758)",Western Marsh Harrier,ICZN
586:20130517185518,Event,2015-04-29T09:34:49Z,en,http://creativecommons.org/publicdomain/zero/1.0/,INBO,http://www.inbo.be/en/norms-for-data-use,http://dataset.inbo.be/bird-tracking-wmh-occurrences,INBO,Bird tracking - GPS tracking of Western Marsh Harriers breeding near the Belgium-Netherlands border,INBO,MachineObservation,see metadata,"{""device_info_serial"":586}",female,adult,H173481,Mia,doi:10.1007/s10336-012-0908-1,"{""secondsSinceLastOccurrence"":1209}",2013-05-17T18:55:18Z,0,0,51.2788765,3.5956503,WGS84,9,2013-05-17T18:55:18Z,doi:10.1080/13658810412331280211,GPS,unverified,Circus aeruginosus,Animalia,Chordata,Aves,Falconiformes,Accipitridae,Circus,aeruginosus,species,"(Linnaeus, 1758)",Western Marsh Harrier,ICZN
586:20130517195530,Event,2015-04-29T09:34:49Z,en,http://creativecommons.org/publicdomain/zero/1.0/,INBO,http://www.inbo.be/en/norms-for-data-use,http://dataset.inbo.be/bird-tracking-wmh-occurrences,INBO,Bird tracking - GPS tracking of Western Marsh Harriers breeding near the Belgium-Netherlands border,INBO,MachineObservation,see metadata,"{""device_info_serial"":586}",female,adult,H173481,Mia,doi:10.1007/s10336-012-0908-1,"{""secondsSinceLastOccurrence"":3612}",2013-05-17T19:55:30Z,0,-126,51.2790988,3.5955403,WGS84,14,2013-05-17T19:55:30Z,doi:10.1080/13658810412331280211,GPS,unverified,Circus aeruginosus,Animalia,Chordata,Aves,Falconiformes,Accipitridae,Circus,aeruginosus,species,"(Linnaeus, 1758)",Western Marsh Harrier,ICZN
586:20130517205639,Event,2015-04-29T09:34:49Z,en,http://creativecommons.org/publicdomain/zero/1.0/,INBO,http://www.inbo.be/en/norms-for-data-use,http://dataset.inbo.be/bird-tracking-wmh-occurrences,INBO,Bird tracking - GPS tracking of Western Marsh Harriers breeding near the Belgium-Netherlands border,INBO,MachineObservation,see metadata,"{""device_info_serial"":586}",female,adult,H173481,Mia,doi:10.1007/s10336-012-0908-1,"{""secondsSinceLastOccurrence"":3669}",2013-05-17T20:56:39Z,0,2,51.2788584,3.5956169,WGS84,14,2013-05-17T20:56:39Z,doi:10.1080/13658810412331280211,GPS,unverified,Circus aeruginosus,Animalia,Chordata,Aves,Falconiformes,Accipitridae,Circus,aeruginosus,species,"(Linnaeus, 1758)",Western Marsh Harrier,ICZN
586:20130517215638,Event,2015-04-29T09:34:49Z,en,http://creativecommons.org/publicdomain/zero/1.0/,INBO,http://www.inbo.be/en/norms-for-data-use,http://dataset.inbo.be/bird-tracking-wmh-occurrences,INBO,Bird tracking - GPS tracking of Western Marsh Harriers breeding near the Belgium-Netherlands border,INBO,MachineObservation,see metadata,"{""device_info_serial"":586}",female,adult,H173481,Mia,doi:10.1007/s10336-012-0908-1,"{""secondsSinceLastOccurrence"":3599}",2013-05-17T21:56:38Z,0,1,51.2788033,3.5956249,WGS84,17,2013-05-17T21:56:38Z,doi:10.1080/13658810412331280211,GPS,unverified,Circus aeruginosus,Animalia,Chordata,Aves,Falconiformes,Accipitridae,Circus,aeruginosus,species,"(Linnaeus, 1758)",Western Marsh Harrier,ICZN
586:20130517225639,Event,2015-04-29T09:34:49Z,en,http://creativecommons.org/publicdomain/zero/1.0/,INBO,http://www.inbo.be/en/norms-for-data-use,http://dataset.inbo.be/bird-tracking-wmh-occurrences,INBO,Bird tracking - GPS tracking of Western Marsh Harriers breeding near the Belgium-Netherlands border,INBO,MachineObservation,see metadata,"{""device_info_serial"":586}",female,adult,H173481,Mia,doi:10.1007/s10336-012-0908-1,"{""secondsSinceLastOccurrence"":3601}",2013-05-17T22:56:39Z,0,-11,51.2787946,3.5956965,WGS84,16,2013-05-17T22:56:39Z,doi:10.1080/13658810412331280211,GPS,unverified,Circus aeruginosus,Animalia,Chordata,Aves,Falconiformes,Accipitridae,Circus,aeruginosus,species,"(Linnaeus, 1758)",Western Marsh Harrier,ICZN
586:20130517235709,Event,2015-04-29T09:34:49Z,en,http://creativecommons.org/publicdomain/zero/1.0/,INBO,http://www.inbo.be/en/norms-for-data-use,http://dataset.inbo.be/bird-tracking-wmh-occurrences,INBO,Bird tracking - GPS tracking of Western Marsh Harriers breeding near the Belgium-Netherlands border,INBO,MachineObservation,see metadata,"{""device_info_serial"":586}",female,adult,H173481,Mia,doi:10.1007/s10336-012-0908-1,"{""secondsSinceLastOccurrence"":3630}",2013-05-17T23:57:09Z,0,-2,51.2788507,3.595644,WGS84,8,2013-05-17T23:57:09Z,doi:10.1080/13658810412331280211,GPS,unverified,Circus aeruginosus,Animalia,Chordata,Aves,Falconiformes,Accipitridae,Circus,aeruginosus,species,"(Linnaeus, 1758)",Western Marsh Harrier,ICZN
586:20130518015710,Event,2015-04-29T09:34:49Z,en,http://creativecommons.org/publicdomain/zero/1.0/,INBO,http://www.inbo.be/en/norms-for-data-use,http://dataset.inbo.be/bird-tracking-wmh-occurrences,INBO,Bird tracking - GPS tracking of Western Marsh Harriers breeding near the Belgium-Netherlands border,INBO,MachineObservation,see metadata,"{""device_info_serial"":586}",female,adult,H173481,Mia,doi:10.1007/s10336-012-0908-1,"{""secondsSinceLastOccurrence"":7201}",2013-05-18T01:57:10Z,0,-2,51.2788994,3.5957056,WGS84,19,2013-05-18T01:57:10Z,doi:10.1080/13658810412331280211,GPS,unverified,Circus aeruginosus,Animalia,Chordata,Aves,Falconiformes,Accipitridae,Circus,aeruginosus,species,"(Linnaeus, 1758)",Western Marsh Harrier,ICZN
586:20130518025738,Event,2015-04-29T09:34:49Z,en,http://creativecommons.org/publicdomain/zero/1.0/,INBO,http://www.inbo.be/en/norms-for-data-use,http://dataset.inbo.be/bird-tracking-wmh-occurrences,INBO,Bird tracking - GPS tracking of Western Marsh Harriers breeding near the Belgium-Netherlands border,INBO,MachineObservation,see metadata,"{""device_info_serial"":586}",female,adult,H173481,Mia,doi:10.1007/s10336-012-0908-1,"{""secondsSinceLastOccurrence"":3628}",2013-05-18T02:57:38Z,0,1,51.2788499,3.5956139,WGS84,30,2013-05-18T02:57:38Z,doi:10.1080/13658810412331280211,GPS,unverified,Circus aeruginosus,Animalia,Chordata,Aves,Falconiformes,Accipitridae,Circus,aeruginosus,species,"(Linnaeus, 1758)",Western Marsh Harrier,ICZN
586:20130518035742,Event,2015-04-29T09:34:49Z,en,http://creativecommons.org/publicdomain/zero/1.0/,INBO,http://www.inbo.be/en/norms-for-data-use,http://dataset.inbo.be/bird-tracking-wmh-occurrences,INBO,Bird tracking - GPS tracking of Western Marsh Harriers breeding near the Belgium-Netherlands border,INBO,MachineObservation,see metadata,"{""device_info_serial"":586}",female,adult,H173481,Mia,doi:10.1007/s10336-012-0908-1,"{""secondsSinceLastOccurrence"":3604}",2013-05-18T03:57:42Z,0,-2,51.2788465,3.5956201,WGS84,12,2013-05-18T03:57:42Z,doi:10.1080/13658810412331280211,GPS,unverified,Circus aeruginosus,Animalia,Chordata,Aves,Falconiformes,Accipitridae,Circus,aeruginosus,species,"(Linnaeus, 1758)",Western Marsh Harrier,ICZN
586:20130518045742,Event,2015-04-29T09:34:49Z,en,http://creativecommons.org/publicdomain/zero/1.0/,INBO,http://www.inbo.be/en/norms-for-data-use,http://dataset.inbo.be/bird-tracking-wmh-occurrences,INBO,Bird tracking - GPS tracking of Western Marsh Harriers breeding near the Belgium-Netherlands border,INBO,MachineObservation,see metadata,"{""device_info_serial"":586}",female,adult,H173481,Mia,doi:10.1007/s10336-012-0908-1,"{""secondsSinceLastOccurrence"":3600}",2013-05-18T04:57:42Z,0,-18,51.2795508,3.5976016,WGS84,28,2013-05-18T04:57:42Z,doi:10.1080/13658810412331280211,GPS,unverified,Circus aeruginosus,Animalia,Chordata,Aves,Falconiformes,Accipitridae,Circus,aeruginosus,species,"(Linnaeus, 1758)",Western Marsh Harrier,ICZN
586:20130518055808,Event,2015-04-29T09:34:49Z,en,http://creativecommons.org/publicdomain/zero/1.0/,INBO,http://www.inbo.be/en/norms-for-data-use,http://dataset.inbo.be/bird-tracking-wmh-occurrences,INBO,Bird tracking - GPS tracking of Western Marsh Harriers breeding near the Belgium-Netherlands border,INBO,MachineObservation,see metadata,"{""device_info_serial"":586}",female,adult,H173481,Mia,doi:10.1007/s10336-012-0908-1,"{""secondsSinceLastOccurrence"":3626}",2013-05-18T05:58:08Z,0,7,51.2788265,3.5956283,WGS84,7,2013-05-18T05:58:08Z,doi:10.1080/13658810412331280211,GPS,unverified,Circus aeruginosus,Animalia,Chordata,Aves,Falconiformes,Accipitridae,Circus,aeruginosus,species,"(Linnaeus, 1758)",Western Marsh Harrier,ICZN
586:20130518061829,Event,2015-04-29T09:34:49Z,en,http://creativecommons.org/publicdomain/zero/1.0/,INBO,http://www.inbo.be/en/norms-for-data-use,http://dataset.inbo.be/bird-tracking-wmh-occurrences,INBO,Bird tracking - GPS tracking of Western Marsh Harriers breeding near the Belgium-Netherlands border,INBO,MachineObservation,see metadata,"{""device_info_serial"":586}",female,adult,H173481,Mia,doi:10.1007/s10336-012-0908-1,"{""secondsSinceLastOccurrence"":1221}",2013-05-18T06:18:29Z,0,-7,51.2788084,3.5956584,WGS84,9,2013-05-18T06:18:29Z,doi:10.1080/13658810412331280211,GPS,unverified,Circus aeruginosus,Animalia,Chordata,Aves,Falconiformes,Accipitridae,Circus,aeruginosus,species,"(Linnaeus, 1758)",Western Marsh Harrier,ICZN
586:20130518063829,Event,2015-04-29T09:34:49Z,en,http://creativecommons.org/publicdomain/zero/1.0/,INBO,http://www.inbo.be/en/norms-for-data-use,http://dataset.inbo.be/bird-tracking-wmh-occurrences,INBO,Bird tracking - GPS tracking of Western Marsh Harriers breeding near the Belgium-Netherlands border,INBO,MachineObservation,see metadata,"{""device_info_serial"":586}",female,adult,H173481,Mia,doi:10.1007/s10336-012-0908-1,"{""secondsSinceLastOccurrence"":1200}",2013-05-18T06:38:29Z,0,-3,51.2788185,3.5956512,WGS84,6,2013-05-18T06:38:29Z,doi:10.1080/13658810412331280211,GPS,unverified,Circus aeruginosus,Animalia,Chordata,Aves,Falconiformes,Accipitridae,Circus,aeruginosus,species,"(Linnaeus, 1758)",Western Marsh Harrier,ICZN
586:20130518065857,Event,2015-04-29T09:34:49Z,en,http://creativecommons.org/publicdomain/zero/1.0/,INBO,http://www.inbo.be/en/norms-for-data-use,http://dataset.inbo.be/bird-tracking-wmh-occurrences,INBO,Bird tracking - GPS tracking of Western Marsh Harriers breeding near the Belgium-Netherlands border,INBO,MachineObservation,see metadata,"{""device_info_serial"":586}",female,adult,H173481,Mia,doi:10.1007/s10336-012-0908-1,"{""secondsSinceLastOccurrence"":1228}",2013-05-18T06:58:57Z,0,-3,51.2788441,3.5956365,WGS84,6,2013-05-18T06:58:57Z,doi:10.1080/13658810412331280211,GPS,unverified,Circus aeruginosus,Animalia,Chordata,Aves,Falconiformes,Accipitridae,Circus,aeruginosus,species,"(Linnaeus, 1758)",Western Marsh Harrier,ICZN
586:20130518071901,Event,2015-04-29T09:34:49Z,en,http://creativecommons.org/publicdomain/zero/1.0/,INBO,http://www.inbo.be/en/norms-for-data-use,http://dataset.inbo.be/bird-tracking-wmh-occurrences,INBO,Bird tracking - GPS tracking of Western Marsh Harriers breeding near the Belgium-Netherlands border,INBO,MachineObservation,see metadata,"{""device_info_serial"":586}",female,adult,H173481,Mia,doi:10.1007/s10336-012-0908-1,"{""secondsSinceLastOccurrence"":1204}",2013-05-18T07:19:01Z,0,-7,51.2788627,3.5956238,WGS84,14,2013-05-18T07:19:01Z,doi:10.1080/13658810412331280211,GPS,unverified,Circus aeruginosus,Animalia,Chordata,Aves,Falconiformes,Accipitridae,Circus,aeruginosus,species,"(Linnaeus, 1758)",Western Marsh Harrier,ICZN
586:20130518073917,Event,2015-04-29T09:34:49Z,en,http://creativecommons.org/publicdomain/zero/1.0/,INBO,http://www.inbo.be/en/norms-for-data-use,http://dataset.inbo.be/bird-tracking-wmh-occurrences,INBO,Bird tracking - GPS tracking of Western Marsh Harriers breeding near the Belgium-Netherlands border,INBO,MachineObservation,see metadata,"{""device_info_serial"":586}",female,adult,H173481,Mia,doi:10.1007/s10336-012-0908-1,"{""secondsSinceLastOccurrence"":1216}",2013-05-18T07:39:17Z,0,-4,51.2786775,3.5957661,WGS84,27,2013-05-18T07:39:17Z,doi:10.1080/13658810412331280211,GPS,unverified,Circus aeruginosus,Animalia,Chordata,Aves,Falconiformes,Accipitridae,Circus,aeruginosus,species,"(Linnaeus, 1758)",Western Marsh Harrier,ICZN
586:20130518075918,Event,2015-04-29T09:34:49Z,en,http://creativecommons.org/publicdomain/zero/1.0/,INBO,http://www.inbo.be/en/norms-for-data-use,http://dataset.inbo.be/bird-tracking-wmh-occurrences,INBO,Bird tracking - GPS tracking of Western Marsh Harriers breeding near the Belgium-Netherlands border,INBO,MachineObservation,see metadata,"{""device_info_serial"":586}",female,adult,H173481,Mia,doi:10.1007/s10336-012-0908-1,"{""secondsSinceLastOccurrence"":1201}",2013-05-18T07:59:18Z,0,-10,51.2803237,3.5962448,WGS84,12,2013-05-18T07:59:18Z,doi:10.1080/13658810412331280211,GPS,unverified,Circus aeruginosus,Animalia,Chordata,Aves,Falconiformes,Accipitridae,Circus,aeruginosus,species,"(Linnaeus, 1758)",Western Marsh Harrier,ICZN
586:20130518081938,Event,2015-04-29T09:34:49Z,en,http://creativecommons.org/publicdomain/zero/1.0/,INBO,http://www.inbo.be/en/norms-for-data-use,http://dataset.inbo.be/bird-tracking-wmh-occurrences,INBO,Bird tracking - GPS tracking of Western Marsh Harriers breeding near the Belgium-Netherlands border,INBO,MachineObservation,see metadata,"{""device_info_serial"":586}",female,adult,H173481,Mia,doi:10.1007/s10336-012-0908-1,"{""secondsSinceLastOccurrence"":1220}",2013-05-18T08:19:38Z,0,-1,51.2788792,3.5956296,WGS84,5,2013-05-18T08:19:38Z,doi:10.1080/13658810412331280211,GPS,unverified,Circus aeruginosus,Animalia,Chordata,Aves,Falconiformes,Accipitridae,Circus,aeruginosus,species,"(Linnaeus, 1758)",Western Marsh Harrier,ICZN
586:20130518083948,Event,2015-04-29T09:34:49Z,en,http://creativecommons.org/publicdomain/zero/1.0/,INBO,http://www.inbo.be/en/norms-for-data-use,http://dataset.inbo.be/bird-tracking-wmh-occurrences,INBO,Bird tracking - GPS tracking of Western Marsh Harriers breeding near the Belgium-Netherlands border,INBO,MachineObservation,see metadata,"{""device_info_serial"":586}",female,adult,H173481,Mia,doi:10.1007/s10336-012-0908-1,"{""secondsSinceLastOccurrence"":1210}",2013-05-18T08:39:48Z,0,0,51.2788791,3.5956151,WGS84,6,2013-05-18T08:39:48Z,doi:10.1080/13658810412331280211,GPS,unverified,Circus aeruginosus,Animalia,Chordata,Aves,Falconiformes,Accipitridae,Circus,aeruginosus,species,"(Linnaeus, 1758)",Western Marsh Harrier,ICZN
586:20130518085949,Event,2015-04-29T09:34:49Z,en,http://creativecommons.org/publicdomain/zero/1.0/,INBO,http://www.inbo.be/en/norms-for-data-use,http://dataset.inbo.be/bird-tracking-wmh-occurrences,INBO,Bird tracking - GPS tracking of Western Marsh Harriers breeding near the Belgium-Netherlands border,INBO,MachineObservation,see metadata,"{""device_info_serial"":586}",female,adult,H173481,Mia,doi:10.1007/s10336-012-0908-1,"{""secondsSinceLastOccurrence"":1201}",2013-05-18T08:59:49Z,0,-3,51.2788716,3.5956441,WGS84,9,2013-05-18T08:59:49Z,doi:10.1080/13658810412331280211,GPS,unverified,Circus aeruginosus,Animalia,Chordata,Aves,Falconiformes,Accipitridae,Circus,aeruginosus,species,"(Linnaeus, 1758)",Western Marsh Harrier,ICZN
586:20130518092005,Event,2015-04-29T09:34:49Z,en,http://creativecommons.org/publicdomain/zero/1.0/,INBO,http://www.inbo.be/en/norms-for-data-use,http://dataset.inbo.be/bird-tracking-wmh-occurrences,INBO,Bird tracking - GPS tracking of Western Marsh Harriers breeding near the Belgium-Netherlands border,INBO,MachineObservation,see metadata,"{""device_info_serial"":586}",female,adult,H173481,Mia,doi:10.1007/s10336-012-0908-1,"{""secondsSinceLastOccurrence"":1216}",2013-05-18T09:20:05Z,0,-6,51.2788702,3.5956231,WGS84,7,2013-05-18T09:20:05Z,doi:10.1080/13658810412331280211,GPS,unverified,Circus aeruginosus,Animalia,Chordata,Aves,Falconiformes,Accipitridae,Circus,aeruginosus,species,"(Linnaeus, 1758)",Western Marsh Harrier,ICZN
586:20130518094006,Event,2015-04-29T09:34:49Z,en,http://creativecommons.org/publicdomain/zero/1.0/,INBO,http://www.inbo.be/en/norms-for-data-use,http://dataset.inbo.be/bird-tracking-wmh-occurrences,INBO,Bird tracking - GPS tracking of Western Marsh Harriers breeding near the Belgium-Netherlands border,INBO,MachineObservation,see metadata,"{""device_info_serial"":586}",female,adult,H173481,Mia,doi:10.1007/s10336-012-0908-1,"{""secondsSinceLastOccurrence"":1201}",2013-05-18T09:40:06Z,0,13,51.2788699,3.5956882,WGS84,13,2013-05-18T09:40:06Z,doi:10.1080/13658810412331280211,GPS,unverified,Circus aeruginosus,Animalia,Chordata,Aves,Falconiformes,Accipitridae,Circus,aeruginosus,species,"(Linnaeus, 1758)",Western Marsh Harrier,ICZN
586:20130518100006,Event,2015-04-29T09:34:49Z,en,http://creativecommons.org/publicdomain/zero/1.0/,INBO,http://www.inbo.be/en/norms-for-data-use,http://dataset.inbo.be/bird-tracking-wmh-occurrences,INBO,Bird tracking - GPS tracking of Western Marsh Harriers breeding near the Belgium-Netherlands border,INBO,MachineObservation,see metadata,"{""device_info_serial"":586}",female,adult,H173481,Mia,doi:10.1007/s10336-012-0908-1,"{""secondsSinceLastOccurrence"":1200}",2013-05-18T10:00:06Z,0,-12,51.2788755,3.5955797,WGS84,18,2013-05-18T10:00:06Z,doi:10.1080/13658810412331280211,GPS,unverified,Circus aeruginosus,Animalia,Chordata,Aves,Falconiformes,Accipitridae,Circus,aeruginosus,species,"(Linnaeus, 1758)",Western Marsh Harrier,ICZN
586:20130518102033,Event,2015-04-29T09:34:49Z,en,http://creativecommons.org/publicdomain/zero/1.0/,INBO,http://www.inbo.be/en/norms-for-data-use,http://dataset.inbo.be/bird-tracking-wmh-occurrences,INBO,Bird tracking - GPS tracking of Western Marsh Harriers breeding near the Belgium-Netherlands border,INBO,MachineObservation,see metadata,"{""device_info_serial"":586}",female,adult,H173481,Mia,doi:10.1007/s10336-012-0908-1,"{""secondsSinceLastOccurrence"":1227}",2013-05-18T10:20:33Z,0,-19,51.2788758,3.5955044,WGS84,23,2013-05-18T10:20:33Z,doi:10.1080/13658810412331280211,GPS,unverified,Circus aeruginosus,Animalia,Chordata,Aves,Falconiformes,Accipitridae,Circus,aeruginosus,species,"(Linnaeus, 1758)",Western Marsh Harrier,ICZN
586:20130518104127,Event,2015-04-29T09:34:49Z,en,http://creativecommons.org/publicdomain/zero/1.0/,INBO,http://www.inbo.be/en/norms-for-data-use,http://dataset.inbo.be/bird-tracking-wmh-occurrences,INBO,Bird tracking - GPS tracking of Western Marsh Harriers breeding near the Belgium-Netherlands border,INBO,MachineObservation,see metadata,"{""device_info_serial"":586}",female,adult,H173481,Mia,doi:10.1007/s10336-012-0908-1,"{""secondsSinceLastOccurrence"":1254}",2013-05-18T10:41:27Z,0,-2,51.2788851,3.5955927,WGS84,21,2013-05-18T10:41:27Z,doi:10.1080/13658810412331280211,GPS,unverified,Circus aeruginosus,Animalia,Chordata,Aves,Falconiformes,Accipitridae,Circus,aeruginosus,species,"(Linnaeus, 1758)",Western Marsh Harrier,ICZN
586:20130518110143,Event,2015-04-29T09:34:49Z,en,http://creativecommons.org/publicdomain/zero/1.0/,INBO,http://www.inbo.be/en/norms-for-data-use,http://dataset.inbo.be/bird-tracking-wmh-occurrences,INBO,Bird tracking - GPS tracking of Western Marsh Harriers breeding near the Belgium-Netherlands border,INBO,MachineObservation,see metadata,"{""device_info_serial"":586}",female,adult,H173481,Mia,doi:10.1007/s10336-012-0908-1,"{""secondsSinceLastOccurrence"":1216}",2013-05-18T11:01:43Z,0,-5,51.2789091,3.5955006,WGS84,24,2013-05-18T11:01:43Z,doi:10.1080/13658810412331280211,GPS,unverified,Circus aeruginosus,Animalia,Chordata,Aves,Falconiformes,Accipitridae,Circus,aeruginosus,species,"(Linnaeus, 1758)",Western Marsh Harrier,ICZN
586:20130518112205,Event,2015-04-29T09:34:49Z,en,http://creativecommons.org/publicdomain/zero/1.0/,INBO,http://www.inbo.be/en/norms-for-data-use,http://dataset.inbo.be/bird-tracking-wmh-occurrences,INBO,Bird tracking - GPS tracking of Western Marsh Harriers breeding near the Belgium-Netherlands border,INBO,MachineObservation,see metadata,"{""device_info_serial"":586}",female,adult,H173481,Mia,doi:10.1007/s10336-012-0908-1,"{""secondsSinceLastOccurrence"":1222}",2013-05-18T11:22:05Z,0,1,51.2788591,3.5956434,WGS84,8,2013-05-18T11:22:05Z,doi:10.1080/13658810412331280211,GPS,unverified,Circus aeruginosus,Animalia,Chordata,Aves,Falconiformes,Accipitridae,Circus,aeruginosus,species,"(Linnaeus, 1758)",Western Marsh Harrier,ICZN
586:20130518114245,Event,2015-04-29T09:34:49Z,en,http://creativecommons.org/publicdomain/zero/1.0/,INBO,http://www.inbo.be/en/norms-for-data-use,http://dataset.inbo.be/bird-tracking-wmh-occurrences,INBO,Bird tracking - GPS tracking of Western Marsh Harriers breeding near the Belgium-Netherlands border,INBO,MachineObservation,see metadata,"{""device_info_serial"":586}",female,adult,H173481,Mia,doi:10.1007/s10336-012-0908-1,"{""secondsSinceLastOccurrence"":1240}",2013-05-18T11:42:45Z,0,-2,51.2800496,3.5967835,WGS84,7,2013-05-18T11:42:45Z,doi:10.1080/13658810412331280211,GPS,unverified,Circus aeruginosus,Animalia,Chordata,Aves,Falconiformes,Accipitridae,Circus,aeruginosus,species,"(Linnaeus, 1758)",Western Marsh Harrier,ICZN
586:20130518120246,Event,2015-04-29T09:34:49Z,en,http://creativecommons.org/publicdomain/zero/1.0/,INBO,http://www.inbo.be/en/norms-for-data-use,http://dataset.inbo.be/bird-tracking-wmh-occurrences,INBO,Bird tracking - GPS tracking of Western Marsh Harriers breeding near the Belgium-Netherlands border,INBO,MachineObservation,see metadata,"{""device_info_serial"":586}",female,adult,H173481,Mia,doi:10.1007/s10336-012-0908-1,"{""secondsSinceLastOccurrence"":1201}",2013-05-18T12:02:46Z,0,0,51.2788494,3.5956447,WGS84,8,2013-05-18T12:02:46Z,doi:10.1080/13658810412331280211,GPS,unverified,Circus aeruginosus,Animalia,Chordata,Aves,Falconiformes,Accipitridae,Circus,aeruginosus,species,"(Linnaeus, 1758)",Western Marsh Harrier,ICZN
586:20130518122249,Event,2015-04-29T09:34:49Z,en,http://creativecommons.org/publicdomain/zero/1.0/,INBO,http://www.inbo.be/en/norms-for-data-use,http://dataset.inbo.be/bird-tracking-wmh-occurrences,INBO,Bird tracking - GPS tracking of Western Marsh Harriers breeding near the Belgium-Netherlands border,INBO,MachineObservation,see metadata,"{""device_info_serial"":586}",female,adult,H173481,Mia,doi:10.1007/s10336-012-0908-1,"{""secondsSinceLastOccurrence"":1203}",2013-05-18T12:22:49Z,0,-20,51.2787939,3.5956058,WGS84,16,2013-05-18T12:22:49Z,doi:10.1080/13658810412331280211,GPS,unverified,Circus aeruginosus,Animalia,Chordata,Aves,Falconiformes,Accipitridae,Circus,aeruginosus,species,"(Linnaeus, 1758)",Western Marsh Harrier,ICZN
586:20130518124315,Event,2015-04-29T09:34:49Z,en,http://creativecommons.org/publicdomain/zero/1.0/,INBO,http://www.inbo.be/en/norms-for-data-use,http://dataset.inbo.be/bird-tracking-wmh-occurrences,INBO,Bird tracking - GPS tracking of Western Marsh Harriers breeding near the Belgium-Netherlands border,INBO,MachineObservation,see metadata,"{""device_info_serial"":586}",female,adult,H173481,Mia,doi:10.1007/s10336-012-0908-1,"{""secondsSinceLastOccurrence"":1226}",2013-05-18T12:43:15Z,0,-21,51.2787701,3.5956006,WGS84,16,2013-05-18T12:43:15Z,doi:10.1080/13658810412331280211,GPS,unverified,Circus aeruginosus,Animalia,Chordata,Aves,Falconiformes,Accipitridae,Circus,aeruginosus,species,"(Linnaeus, 1758)",Western Marsh Harrier,ICZN
586:20130518130322,Event,2015-04-29T09:34:49Z,en,http://creativecommons.org/publicdomain/zero/1.0/,INBO,http://www.inbo.be/en/norms-for-data-use,http://dataset.inbo.be/bird-tracking-wmh-occurrences,INBO,Bird tracking - GPS tracking of Western Marsh Harriers breeding near the Belgium-Netherlands border,INBO,MachineObservation,see metadata,"{""device_info_serial"":586}",female,adult,H173481,Mia,doi:10.1007/s10336-012-0908-1,"{""secondsSinceLastOccurrence"":1207}",2013-05-18T13:03:22Z,0,-10,51.2788176,3.5956378,WGS84,20,2013-05-18T13:03:22Z,doi:10.1080/13658810412331280211,GPS,unverified,Circus aeruginosus,Animalia,Chordata,Aves,Falconiformes,Accipitridae,Circus,aeruginosus,species,"(Linnaeus, 1758)",Western Marsh Harrier,ICZN
586:20130518132335,Event,2015-04-29T09:34:49Z,en,http://creativecommons.org/publicdomain/zero/1.0/,INBO,http://www.inbo.be/en/norms-for-data-use,http://dataset.inbo.be/bird-tracking-wmh-occurrences,INBO,Bird tracking - GPS tracking of Western Marsh Harriers breeding near the Belgium-Netherlands border,INBO,MachineObservation,see metadata,"{""device_info_serial"":586}",female,adult,H173481,Mia,doi:10.1007/s10336-012-0908-1,"{""secondsSinceLastOccurrence"":1213}",2013-05-18T13:23:35Z,0,17,51.2790413,3.5958881,WGS84,17,2013-05-18T13:23:35Z,doi:10.1080/13658810412331280211,GPS,unverified,Circus aeruginosus,Animalia,Chordata,Aves,Falconiformes,Accipitridae,Circus,aeruginosus,species,"(Linnaeus, 1758)",Western Marsh Harrier,ICZN
586:20130518134337,Event,2015-04-29T09:34:49Z,en,http://creativecommons.org/publicdomain/zero/1.0/,INBO,http://www.inbo.be/en/norms-for-data-use,http://dataset.inbo.be/bird-tracking-wmh-occurrences,INBO,Bird tracking - GPS tracking of Western Marsh Harriers breeding near the Belgium-Netherlands border,INBO,MachineObservation,see metadata,"{""device_info_serial"":586}",female,adult,H173481,Mia,doi:10.1007/s10336-012-0908-1,"{""secondsSinceLastOccurrence"":1202}",2013-05-18T13:43:37Z,0,14,51.2788176,3.5971432,WGS84,23,2013-05-18T13:43:37Z,doi:10.1080/13658810412331280211,GPS,unverified,Circus aeruginosus,Animalia,Chordata,Aves,Falconiformes,Accipitridae,Circus,aeruginosus,species,"(Linnaeus, 1758)",Western Marsh Harrier,ICZN
586:20130518140456,Event,2015-04-29T09:34:49Z,en,http://creativecommons.org/publicdomain/zero/1.0/,INBO,http://www.inbo.be/en/norms-for-data-use,http://dataset.inbo.be/bird-tracking-wmh-occurrences,INBO,Bird tracking - GPS tracking of Western Marsh Harriers breeding near the Belgium-Netherlands border,INBO,MachineObservation,see metadata,"{""device_info_serial"":586}",female,adult,H173481,Mia,doi:10.1007/s10336-012-0908-1,"{""secondsSinceLastOccurrence"":1279}",2013-05-18T14:04:56Z,0,1,51.2788713,3.5956773,WGS84,14,2013-05-18T14:04:56Z,doi:10.1080/13658810412331280211,GPS,unverified,Circus aeruginosus,Animalia,Chordata,Aves,Falconiformes,Accipitridae,Circus,aeruginosus,species,"(Linnaeus, 1758)",Western Marsh Harrier,ICZN
586:20130518142453,Event,2015-04-29T09:34:49Z,en,http://creativecommons.org/publicdomain/zero/1.0/,INBO,http://www.inbo.be/en/norms-for-data-use,http://dataset.inbo.be/bird-tracking-wmh-occurrences,INBO,Bird tracking - GPS tracking of Western Marsh Harriers breeding near the Belgium-Netherlands border,INBO,MachineObservation,see metadata,"{""device_info_serial"":586}",female,adult,H173481,Mia,doi:10.1007/s10336-012-0908-1,"{""secondsSinceLastOccurrence"":1197}",2013-05-18T14:24:53Z,0,-7,51.278898,3.5957039,WGS84,12,2013-05-18T14:24:53Z,doi:10.1080/13658810412331280211,GPS,unverified,Circus aeruginosus,Animalia,Chordata,Aves,Falconiformes,Accipitridae,Circus,aeruginosus,species,"(Linnaeus, 1758)",Western Marsh Harrier,ICZN
586:20130518144453,Event,2015-04-29T09:34:49Z,en,http://creativecommons.org/publicdomain/zero/1.0/,INBO,http://www.inbo.be/en/norms-for-data-use,http://dataset.inbo.be/bird-tracking-wmh-occurrences,INBO,Bird tracking - GPS tracking of Western Marsh Harriers breeding near the Belgium-Netherlands border,INBO,MachineObservation,see metadata,"{""device_info_serial"":586}",female,adult,H173481,Mia,doi:10.1007/s10336-012-0908-1,"{""secondsSinceLastOccurrence"":1200}",2013-05-18T14:44:53Z,0,-5,51.2797544,3.5947789,WGS84,14,2013-05-18T14:44:53Z,doi:10.1080/13658810412331280211,GPS,unverified,Circus aeruginosus,Animalia,Chordata,Aves,Falconiformes,Accipitridae,Circus,aeruginosus,species,"(Linnaeus, 1758)",Western Marsh Harrier,ICZN
586:20130518150510,Event,2015-04-29T09:34:49Z,en,http://creativecommons.org/publicdomain/zero/1.0/,INBO,http://www.inbo.be/en/norms-for-data-use,http://dataset.inbo.be/bird-tracking-wmh-occurrences,INBO,Bird tracking - GPS tracking of Western Marsh Harriers breeding near the Belgium-Netherlands border,INBO,MachineObservation,see metadata,"{""device_info_serial"":586}",female,adult,H173481,Mia,doi:10.1007/s10336-012-0908-1,"{""secondsSinceLastOccurrence"":1217}",2013-05-18T15:05:10Z,0,-15,51.278969,3.5957419,WGS84,24,2013-05-18T15:05:10Z,doi:10.1080/13658810412331280211,GPS,unverified,Circus aeruginosus,Animalia,Chordata,Aves,Falconiformes,Accipitridae,Circus,aeruginosus,species,"(Linnaeus, 1758)",Western Marsh Harrier,ICZN
586:20130518152519,Event,2015-04-29T09:34:49Z,en,http://creativecommons.org/publicdomain/zero/1.0/,INBO,http://www.inbo.be/en/norms-for-data-use,http://dataset.inbo.be/bird-tracking-wmh-occurrences,INBO,Bird tracking - GPS tracking of Western Marsh Harriers breeding near the Belgium-Netherlands border,INBO,MachineObservation,see metadata,"{""device_info_serial"":586}",female,adult,H173481,Mia,doi:10.1007/s10336-012-0908-1,"{""secondsSinceLastOccurrence"":1209}",2013-05-18T15:25:19Z,0,-5,51.2788287,3.5956724,WGS84,12,2013-05-18T15:25:19Z,doi:10.1080/13658810412331280211,GPS,unverified,Circus aeruginosus,Animalia,Chordata,Aves,Falconiformes,Accipitridae,Circus,aeruginosus,species,"(Linnaeus, 1758)",Western Marsh Harrier,ICZN
586:20130518154608,Event,2015-04-29T09:34:49Z,en,http://creativecommons.org/publicdomain/zero/1.0/,INBO,http://www.inbo.be/en/norms-for-data-use,http://dataset.inbo.be/bird-tracking-wmh-occurrences,INBO,Bird tracking - GPS tracking of Western Marsh Harriers breeding near the Belgium-Netherlands border,INBO,MachineObservation,see metadata,"{""device_info_serial"":586}",female,adult,H173481,Mia,doi:10.1007/s10336-012-0908-1,"{""secondsSinceLastOccurrence"":1249}",2013-05-18T15:46:08Z,0,-2,51.2788223,3.5956585,WGS84,21,2013-05-18T15:46:08Z,doi:10.1080/13658810412331280211,GPS,unverified,Circus aeruginosus,Animalia,Chordata,Aves,Falconiformes,Accipitridae,Circus,aeruginosus,species,"(Linnaeus, 1758)",Western Marsh Harrier,ICZN
586:20130518160625,Event,2015-04-29T09:34:49Z,en,http://creativecommons.org/publicdomain/zero/1.0/,INBO,http://www.inbo.be/en/norms-for-data-use,http://dataset.inbo.be/bird-tracking-wmh-occurrences,INBO,Bird tracking - GPS tracking of Western Marsh Harriers breeding near the Belgium-Netherlands border,INBO,MachineObservation,see metadata,"{""device_info_serial"":586}",female,adult,H173481,Mia,doi:10.1007/s10336-012-0908-1,"{""secondsSinceLastOccurrence"":1217}",2013-05-18T16:06:25Z,0,-121,51.2793089,3.595292,WGS84,30,2013-05-18T16:06:25Z,doi:10.1080/13658810412331280211,GPS,unverified,Circus aeruginosus,Animalia,Chordata,Aves,Falconiformes,Accipitridae,Circus,aeruginosus,species,"(Linnaeus, 1758)",Western Marsh Harrier,ICZN
586:20130518162712,Event,2015-04-29T09:34:49Z,en,http://creativecommons.org/publicdomain/zero/1.0/,INBO,http://www.inbo.be/en/norms-for-data-use,http://dataset.inbo.be/bird-tracking-wmh-occurrences,INBO,Bird tracking - GPS tracking of Western Marsh Harriers breeding near the Belgium-Netherlands border,INBO,MachineObservation,see metadata,"{""device_info_serial"":586}",female,adult,H173481,Mia,doi:10.1007/s10336-012-0908-1,"{""secondsSinceLastOccurrence"":1247}",2013-05-18T16:27:12Z,0,4,51.2787804,3.5956775,WGS84,45,2013-05-18T16:27:12Z,doi:10.1080/13658810412331280211,GPS,unverified,Circus aeruginosus,Animalia,Chordata,Aves,Falconiformes,Accipitridae,Circus,aeruginosus,species,"(Linnaeus, 1758)",Western Marsh Harrier,ICZN
586:20130518164738,Event,2015-04-29T09:34:49Z,en,http://creativecommons.org/publicdomain/zero/1.0/,INBO,http://www.inbo.be/en/norms-for-data-use,http://dataset.inbo.be/bird-tracking-wmh-occurrences,INBO,Bird tracking - GPS tracking of Western Marsh Harriers breeding near the Belgium-Netherlands border,INBO,MachineObservation,see metadata,"{""device_info_serial"":586}",female,adult,H173481,Mia,doi:10.1007/s10336-012-0908-1,"{""secondsSinceLastOccurrence"":1226}",2013-05-18T16:47:38Z,0,-3,51.2788651,3.5956485,WGS84,8,2013-05-18T16:47:38Z,doi:10.1080/13658810412331280211,GPS,unverified,Circus aeruginosus,Animalia,Chordata,Aves,Falconiformes,Accipitridae,Circus,aeruginosus,species,"(Linnaeus, 1758)",Western Marsh Harrier,ICZN
586:20130518170732,Event,2015-04-29T09:34:49Z,en,http://creativecommons.org/publicdomain/zero/1.0/,INBO,http://www.inbo.be/en/norms-for-data-use,http://dataset.inbo.be/bird-tracking-wmh-occurrences,INBO,Bird tracking - GPS tracking of Western Marsh Harriers breeding near the Belgium-Netherlands border,INBO,MachineObservation,see metadata,"{""device_info_serial"":586}",female,adult,H173481,Mia,doi:10.1007/s10336-012-0908-1,"{""secondsSinceLastOccurrence"":1194}",2013-05-18T17:07:32Z,0,-4,51.2788546,3.5956348,WGS84,9,2013-05-18T17:07:32Z,doi:10.1080/13658810412331280211,GPS,unverified,Circus aeruginosus,Animalia,Chordata,Aves,Falconiformes,Accipitridae,Circus,aeruginosus,species,"(Linnaeus, 1758)",Western Marsh Harrier,ICZN
586:20130518172749,Event,2015-04-29T09:34:49Z,en,http://creativecommons.org/publicdomain/zero/1.0/,INBO,http://www.inbo.be/en/norms-for-data-use,http://dataset.inbo.be/bird-tracking-wmh-occurrences,INBO,Bird tracking - GPS tracking of Western Marsh Harriers breeding near the Belgium-Netherlands border,INBO,MachineObservation,see metadata,"{""device_info_serial"":586}",female,adult,H173481,Mia,doi:10.1007/s10336-012-0908-1,"{""secondsSinceLastOccurrence"":1217}",2013-05-18T17:27:49Z,0,-11,51.2788734,3.595579,WGS84,12,2013-05-18T17:27:49Z,doi:10.1080/13658810412331280211,GPS,unverified,Circus aeruginosus,Animalia,Chordata,Aves,Falconiformes,Accipitridae,Circus,aeruginosus,species,"(Linnaeus, 1758)",Western Marsh Harrier,ICZN
586:20130518174749,Event,2015-04-29T09:34:49Z,en,http://creativecommons.org/publicdomain/zero/1.0/,INBO,http://www.inbo.be/en/norms-for-data-use,http://dataset.inbo.be/bird-tracking-wmh-occurrences,INBO,Bird tracking - GPS tracking of Western Marsh Harriers breeding near the Belgium-Netherlands border,INBO,MachineObservation,see metadata,"{""device_info_serial"":586}",female,adult,H173481,Mia,doi:10.1007/s10336-012-0908-1,"{""secondsSinceLastOccurrence"":1200}",2013-05-18T17:47:49Z,0,-3,51.281461,3.5919423,WGS84,9,2013-05-18T17:47:49Z,doi:10.1080/13658810412331280211,GPS,unverified,Circus aeruginosus,Animalia,Chordata,Aves,Falconiformes,Accipitridae,Circus,aeruginosus,species,"(Linnaeus, 1758)",Western Marsh Harrier,ICZN
586:20130518180820,Event,2015-04-29T09:34:49Z,en,http://creativecommons.org/publicdomain/zero/1.0/,INBO,http://www.inbo.be/en/norms-for-data-use,http://dataset.inbo.be/bird-tracking-wmh-occurrences,INBO,Bird tracking - GPS tracking of Western Marsh Harriers breeding near the Belgium-Netherlands border,INBO,MachineObservation,see metadata,"{""device_info_serial"":586}",female,adult,H173481,Mia,doi:10.1007/s10336-012-0908-1,"{""secondsSinceLastOccurrence"":1231}",2013-05-18T18:08:20Z,0,-5,51.2788333,3.5956408,WGS84,16,2013-05-18T18:08:20Z,doi:10.1080/13658810412331280211,GPS,unverified,Circus aeruginosus,Animalia,Chordata,Aves,Falconiformes,Accipitridae,Circus,aeruginosus,species,"(Linnaeus, 1758)",Western Marsh Harrier,ICZN
586:20130518182836,Event,2015-04-29T09:34:49Z,en,http://creativecommons.org/publicdomain/zero/1.0/,INBO,http://www.inbo.be/en/norms-for-data-use,http://dataset.inbo.be/bird-tracking-wmh-occurrences,INBO,Bird tracking - GPS tracking of Western Marsh Harriers breeding near the Belgium-Netherlands border,INBO,MachineObservation,see metadata,"{""device_info_serial"":586}",female,adult,H173481,Mia,doi:10.1007/s10336-012-0908-1,"{""secondsSinceLastOccurrence"":1216}",2013-05-18T18:28:36Z,0,-33,51.2789448,3.5956053,WGS84,12,2013-05-18T18:28:36Z,doi:10.1080/13658810412331280211,GPS,unverified,Circus aeruginosus,Animalia,Chordata,Aves,Falconiformes,Accipitridae,Circus,aeruginosus,species,"(Linnaeus, 1758)",Western Marsh Harrier,ICZN
586:20130518184926,Event,2015-04-29T09:34:49Z,en,http://creativecommons.org/publicdomain/zero/1.0/,INBO,http://www.inbo.be/en/norms-for-data-use,http://dataset.inbo.be/bird-tracking-wmh-occurrences,INBO,Bird tracking - GPS tracking of Western Marsh Harriers breeding near the Belgium-Netherlands border,INBO,MachineObservation,see metadata,"{""device_info_serial"":586}",female,adult,H173481,Mia,doi:10.1007/s10336-012-0908-1,"{""secondsSinceLastOccurrence"":1250}",2013-05-18T18:49:26Z,0,-28,51.2787588,3.595795,WGS84,16,2013-05-18T18:49:26Z,doi:10.1080/13658810412331280211,GPS,unverified,Circus aeruginosus,Animalia,Chordata,Aves,Falconiformes,Accipitridae,Circus,aeruginosus,species,"(Linnaeus, 1758)",Western Marsh Harrier,ICZN
586:20130518194956,Event,2015-04-29T09:34:49Z,en,http://creativecommons.org/publicdomain/zero/1.0/,INBO,http://www.inbo.be/en/norms-for-data-use,http://dataset.inbo.be/bird-tracking-wmh-occurrences,INBO,Bird tracking - GPS tracking of Western Marsh Harriers breeding near the Belgium-Netherlands border,INBO,MachineObservation,see metadata,"{""device_info_serial"":586}",female,adult,H173481,Mia,doi:10.1007/s10336-012-0908-1,"{""secondsSinceLastOccurrence"":3630}",2013-05-18T19:49:56Z,0,0,51.2788636,3.5956534,WGS84,11,2013-05-18T19:49:56Z,doi:10.1080/13658810412331280211,GPS,unverified,Circus aeruginosus,Animalia,Chordata,Aves,Falconiformes,Accipitridae,Circus,aeruginosus,species,"(Linnaeus, 1758)",Western Marsh Harrier,ICZN
586:20130518205026,Event,2015-04-29T09:34:49Z,en,http://creativecommons.org/publicdomain/zero/1.0/,INBO,http://www.inbo.be/en/norms-for-data-use,http://dataset.inbo.be/bird-tracking-wmh-occurrences,INBO,Bird tracking - GPS tracking of Western Marsh Harriers breeding near the Belgium-Netherlands border,INBO,MachineObservation,see metadata,"{""device_info_serial"":586}",female,adult,H173481,Mia,doi:10.1007/s10336-012-0908-1,"{""secondsSinceLastOccurrence"":3630}",2013-05-18T20:50:26Z,0,-3,51.2788019,3.5956271,WGS84,15,2013-05-18T20:50:26Z,doi:10.1080/13658810412331280211,GPS,unverified,Circus aeruginosus,Animalia,Chordata,Aves,Falconiformes,Accipitridae,Circus,aeruginosus,species,"(Linnaeus, 1758)",Western Marsh Harrier,ICZN
586:20130518215102,Event,2015-04-29T09:34:49Z,en,http://creativecommons.org/publicdomain/zero/1.0/,INBO,http://www.inbo.be/en/norms-for-data-use,http://dataset.inbo.be/bird-tracking-wmh-occurrences,INBO,Bird tracking - GPS tracking of Western Marsh Harriers breeding near the Belgium-Netherlands border,INBO,MachineObservation,see metadata,"{""device_info_serial"":586}",female,adult,H173481,Mia,doi:10.1007/s10336-012-0908-1,"{""secondsSinceLastOccurrence"":3636}",2013-05-18T21:51:02Z,0,3,51.2788871,3.5956287,WGS84,9,2013-05-18T21:51:02Z,doi:10.1080/13658810412331280211,GPS,unverified,Circus aeruginosus,Animalia,Chordata,Aves,Falconiformes,Accipitridae,Circus,aeruginosus,species,"(Linnaeus, 1758)",Western Marsh Harrier,ICZN
