occurrenceid,type,language,license,rightsholder,accessrights,datasetid,institutioncode,datasetname,ownerinstitutioncode,basisofrecord,informationwithheld,dynamicproperties,sex,lifestage,organismid,organismname,samplingprotocol,samplingeffort,eventdate,minimumelevationinmeters,minimumdistanceabovesurfaceinmeters,decimallatitude,decimallongitude,geodeticdatum,coordinateuncertaintyinmeters,georeferencesources,georeferenceverificationstatus,scientificname,kingdom,phylum,class,_order,family,taxonrank,scientificnameauthorship,vernacularname,nomenclaturalcode
703:20130530182507,Event,en,http://creativecommons.org/publicdomain/zero/1.0/,INBO,http://www.inbo.be/en/norms-for-data-use,http://doi.org/10.15468/02omly,INBO,Bird tracking - GPS tracking of Lesser Black-backed Gulls and Herring Gulls breeding at the southern North Sea coast,INBO,MachineObservation,see metadata,"{""device_info_serial"":703}",male,adult,L904812,Kees,doi:10.1007/s10336-012-0908-1,"{""secondsSinceLastOccurrence"":}",2013-05-30T18:25:07Z,0,6,51.3428845,3.1803894,WGS84,9,GPS,unverified,Larus fuscus,Animalia,Chordata,Aves,Charadriiformes,Laridae,species,"Linnaeus, 1758",Lesser Black-backed Gull,ICZN
703:20130530185523,Event,en,http://creativecommons.org/publicdomain/zero/1.0/,INBO,http://www.inbo.be/en/norms-for-data-use,http://doi.org/10.15468/02omly,INBO,Bird tracking - GPS tracking of Lesser Black-backed Gulls and Herring Gulls breeding at the southern North Sea coast,INBO,MachineObservation,see metadata,"{""device_info_serial"":703}",male,adult,L904812,Kees,doi:10.1007/s10336-012-0908-1,"{""secondsSinceLastOccurrence"":1816}",2013-05-30T18:55:23Z,0,3,51.3428906,3.1804306,WGS84,29,GPS,unverified,Larus fuscus,Animalia,Chordata,Aves,Charadriiformes,Laridae,species,"Linnaeus, 1758",Lesser Black-backed Gull,ICZN
703:20130530192538,Event,en,http://creativecommons.org/publicdomain/zero/1.0/,INBO,http://www.inbo.be/en/norms-for-data-use,http://doi.org/10.15468/02omly,INBO,Bird tracking - GPS tracking of Lesser Black-backed Gulls and Herring Gulls breeding at the southern North Sea coast,INBO,MachineObservation,see metadata,"{""device_info_serial"":703}",male,adult,L904812,Kees,doi:10.1007/s10336-012-0908-1,"{""secondsSinceLastOccurrence"":1815}",2013-05-30T19:25:38Z,0,5,51.3428917,3.1804346,WGS84,7,GPS,unverified,Larus fuscus,Animalia,Chordata,Aves,Charadriiformes,Laridae,species,"Linnaeus, 1758",Lesser Black-backed Gull,ICZN
703:20130530195536,Event,en,http://creativecommons.org/publicdomain/zero/1.0/,INBO,http://www.inbo.be/en/norms-for-data-use,http://doi.org/10.15468/02omly,INBO,Bird tracking - GPS tracking of Lesser Black-backed Gulls and Herring Gulls breeding at the southern North Sea coast,INBO,MachineObservation,see metadata,"{""device_info_serial"":703}",male,adult,L904812,Kees,doi:10.1007/s10336-012-0908-1,"{""secondsSinceLastOccurrence"":1798}",2013-05-30T19:55:36Z,0,2,51.3429198,3.1804512,WGS84,14,GPS,unverified,Larus fuscus,Animalia,Chordata,Aves,Charadriiformes,Laridae,species,"Linnaeus, 1758",Lesser Black-backed Gull,ICZN
703:20130530202528,Event,en,http://creativecommons.org/publicdomain/zero/1.0/,INBO,http://www.inbo.be/en/norms-for-data-use,http://doi.org/10.15468/02omly,INBO,Bird tracking - GPS tracking of Lesser Black-backed Gulls and Herring Gulls breeding at the southern North Sea coast,INBO,MachineObservation,see metadata,"{""device_info_serial"":703}",male,adult,L904812,Kees,doi:10.1007/s10336-012-0908-1,"{""secondsSinceLastOccurrence"":1792}",2013-05-30T20:25:28Z,0,8,51.3431673,3.1852353,WGS84,8,GPS,unverified,Larus fuscus,Animalia,Chordata,Aves,Charadriiformes,Laridae,species,"Linnaeus, 1758",Lesser Black-backed Gull,ICZN
703:20130530205533,Event,en,http://creativecommons.org/publicdomain/zero/1.0/,INBO,http://www.inbo.be/en/norms-for-data-use,http://doi.org/10.15468/02omly,INBO,Bird tracking - GPS tracking of Lesser Black-backed Gulls and Herring Gulls breeding at the southern North Sea coast,INBO,MachineObservation,see metadata,"{""device_info_serial"":703}",male,adult,L904812,Kees,doi:10.1007/s10336-012-0908-1,"{""secondsSinceLastOccurrence"":1805}",2013-05-30T20:55:33Z,0,-4,51.3431798,3.185279,WGS84,19,GPS,unverified,Larus fuscus,Animalia,Chordata,Aves,Charadriiformes,Laridae,species,"Linnaeus, 1758",Lesser Black-backed Gull,ICZN
703:20130530215552,Event,en,http://creativecommons.org/publicdomain/zero/1.0/,INBO,http://www.inbo.be/en/norms-for-data-use,http://doi.org/10.15468/02omly,INBO,Bird tracking - GPS tracking of Lesser Black-backed Gulls and Herring Gulls breeding at the southern North Sea coast,INBO,MachineObservation,see metadata,"{""device_info_serial"":703}",male,adult,L904812,Kees,doi:10.1007/s10336-012-0908-1,"{""secondsSinceLastOccurrence"":3619}",2013-05-30T21:55:52Z,0,-2,51.3432066,3.185156,WGS84,7,GPS,unverified,Larus fuscus,Animalia,Chordata,Aves,Charadriiformes,Laridae,species,"Linnaeus, 1758",Lesser Black-backed Gull,ICZN
703:20130530225608,Event,en,http://creativecommons.org/publicdomain/zero/1.0/,INBO,http://www.inbo.be/en/norms-for-data-use,http://doi.org/10.15468/02omly,INBO,Bird tracking - GPS tracking of Lesser Black-backed Gulls and Herring Gulls breeding at the southern North Sea coast,INBO,MachineObservation,see metadata,"{""device_info_serial"":703}",male,adult,L904812,Kees,doi:10.1007/s10336-012-0908-1,"{""secondsSinceLastOccurrence"":3616}",2013-05-30T22:56:08Z,0,8,51.3432256,3.1852329,WGS84,6,GPS,unverified,Larus fuscus,Animalia,Chordata,Aves,Charadriiformes,Laridae,species,"Linnaeus, 1758",Lesser Black-backed Gull,ICZN
703:20130530235708,Event,en,http://creativecommons.org/publicdomain/zero/1.0/,INBO,http://www.inbo.be/en/norms-for-data-use,http://doi.org/10.15468/02omly,INBO,Bird tracking - GPS tracking of Lesser Black-backed Gulls and Herring Gulls breeding at the southern North Sea coast,INBO,MachineObservation,see metadata,"{""device_info_serial"":703}",male,adult,L904812,Kees,doi:10.1007/s10336-012-0908-1,"{""secondsSinceLastOccurrence"":3660}",2013-05-30T23:57:08Z,0,10,51.3431747,3.1852259,WGS84,11,GPS,unverified,Larus fuscus,Animalia,Chordata,Aves,Charadriiformes,Laridae,species,"Linnaeus, 1758",Lesser Black-backed Gull,ICZN
703:20130531005747,Event,en,http://creativecommons.org/publicdomain/zero/1.0/,INBO,http://www.inbo.be/en/norms-for-data-use,http://doi.org/10.15468/02omly,INBO,Bird tracking - GPS tracking of Lesser Black-backed Gulls and Herring Gulls breeding at the southern North Sea coast,INBO,MachineObservation,see metadata,"{""device_info_serial"":703}",male,adult,L904812,Kees,doi:10.1007/s10336-012-0908-1,"{""secondsSinceLastOccurrence"":3639}",2013-05-31T00:57:47Z,0,2,51.3431847,3.1852191,WGS84,32,GPS,unverified,Larus fuscus,Animalia,Chordata,Aves,Charadriiformes,Laridae,species,"Linnaeus, 1758",Lesser Black-backed Gull,ICZN
703:20130531015817,Event,en,http://creativecommons.org/publicdomain/zero/1.0/,INBO,http://www.inbo.be/en/norms-for-data-use,http://doi.org/10.15468/02omly,INBO,Bird tracking - GPS tracking of Lesser Black-backed Gulls and Herring Gulls breeding at the southern North Sea coast,INBO,MachineObservation,see metadata,"{""device_info_serial"":703}",male,adult,L904812,Kees,doi:10.1007/s10336-012-0908-1,"{""secondsSinceLastOccurrence"":3630}",2013-05-31T01:58:17Z,0,-8,51.3437929,3.1824101,WGS84,10,GPS,unverified,Larus fuscus,Animalia,Chordata,Aves,Charadriiformes,Laridae,species,"Linnaeus, 1758",Lesser Black-backed Gull,ICZN
703:20130531025906,Event,en,http://creativecommons.org/publicdomain/zero/1.0/,INBO,http://www.inbo.be/en/norms-for-data-use,http://doi.org/10.15468/02omly,INBO,Bird tracking - GPS tracking of Lesser Black-backed Gulls and Herring Gulls breeding at the southern North Sea coast,INBO,MachineObservation,see metadata,"{""device_info_serial"":703}",male,adult,L904812,Kees,doi:10.1007/s10336-012-0908-1,"{""secondsSinceLastOccurrence"":3649}",2013-05-31T02:59:06Z,0,4,51.3437706,3.1824743,WGS84,5,GPS,unverified,Larus fuscus,Animalia,Chordata,Aves,Charadriiformes,Laridae,species,"Linnaeus, 1758",Lesser Black-backed Gull,ICZN
703:20130531033119,Event,en,http://creativecommons.org/publicdomain/zero/1.0/,INBO,http://www.inbo.be/en/norms-for-data-use,http://doi.org/10.15468/02omly,INBO,Bird tracking - GPS tracking of Lesser Black-backed Gulls and Herring Gulls breeding at the southern North Sea coast,INBO,MachineObservation,see metadata,"{""device_info_serial"":703}",male,adult,L904812,Kees,doi:10.1007/s10336-012-0908-1,"{""secondsSinceLastOccurrence"":1933}",2013-05-31T03:31:19Z,0,7,51.3431878,3.1852121,WGS84,5,GPS,unverified,Larus fuscus,Animalia,Chordata,Aves,Charadriiformes,Laridae,species,"Linnaeus, 1758",Lesser Black-backed Gull,ICZN
703:20130531040111,Event,en,http://creativecommons.org/publicdomain/zero/1.0/,INBO,http://www.inbo.be/en/norms-for-data-use,http://doi.org/10.15468/02omly,INBO,Bird tracking - GPS tracking of Lesser Black-backed Gulls and Herring Gulls breeding at the southern North Sea coast,INBO,MachineObservation,see metadata,"{""device_info_serial"":703}",male,adult,L904812,Kees,doi:10.1007/s10336-012-0908-1,"{""secondsSinceLastOccurrence"":1792}",2013-05-31T04:01:11Z,0,4,51.3431875,3.1852303,WGS84,5,GPS,unverified,Larus fuscus,Animalia,Chordata,Aves,Charadriiformes,Laridae,species,"Linnaeus, 1758",Lesser Black-backed Gull,ICZN
703:20130531043119,Event,en,http://creativecommons.org/publicdomain/zero/1.0/,INBO,http://www.inbo.be/en/norms-for-data-use,http://doi.org/10.15468/02omly,INBO,Bird tracking - GPS tracking of Lesser Black-backed Gulls and Herring Gulls breeding at the southern North Sea coast,INBO,MachineObservation,see metadata,"{""device_info_serial"":703}",male,adult,L904812,Kees,doi:10.1007/s10336-012-0908-1,"{""secondsSinceLastOccurrence"":1808}",2013-05-31T04:31:19Z,0,5,51.3431721,3.1852183,WGS84,6,GPS,unverified,Larus fuscus,Animalia,Chordata,Aves,Charadriiformes,Laridae,species,"Linnaeus, 1758",Lesser Black-backed Gull,ICZN
703:20130531050129,Event,en,http://creativecommons.org/publicdomain/zero/1.0/,INBO,http://www.inbo.be/en/norms-for-data-use,http://doi.org/10.15468/02omly,INBO,Bird tracking - GPS tracking of Lesser Black-backed Gulls and Herring Gulls breeding at the southern North Sea coast,INBO,MachineObservation,see metadata,"{""device_info_serial"":703}",male,adult,L904812,Kees,doi:10.1007/s10336-012-0908-1,"{""secondsSinceLastOccurrence"":1810}",2013-05-31T05:01:29Z,0,6,51.343156,3.1852525,WGS84,10,GPS,unverified,Larus fuscus,Animalia,Chordata,Aves,Charadriiformes,Laridae,species,"Linnaeus, 1758",Lesser Black-backed Gull,ICZN
703:20130531053218,Event,en,http://creativecommons.org/publicdomain/zero/1.0/,INBO,http://www.inbo.be/en/norms-for-data-use,http://doi.org/10.15468/02omly,INBO,Bird tracking - GPS tracking of Lesser Black-backed Gulls and Herring Gulls breeding at the southern North Sea coast,INBO,MachineObservation,see metadata,"{""device_info_serial"":703}",male,adult,L904812,Kees,doi:10.1007/s10336-012-0908-1,"{""secondsSinceLastOccurrence"":1849}",2013-05-31T05:32:18Z,0,7,51.3431731,3.1852438,WGS84,13,GPS,unverified,Larus fuscus,Animalia,Chordata,Aves,Charadriiformes,Laridae,species,"Linnaeus, 1758",Lesser Black-backed Gull,ICZN
703:20130531060308,Event,en,http://creativecommons.org/publicdomain/zero/1.0/,INBO,http://www.inbo.be/en/norms-for-data-use,http://doi.org/10.15468/02omly,INBO,Bird tracking - GPS tracking of Lesser Black-backed Gulls and Herring Gulls breeding at the southern North Sea coast,INBO,MachineObservation,see metadata,"{""device_info_serial"":703}",male,adult,L904812,Kees,doi:10.1007/s10336-012-0908-1,"{""secondsSinceLastOccurrence"":1850}",2013-05-31T06:03:08Z,0,2,51.343175,3.185283,WGS84,4,GPS,unverified,Larus fuscus,Animalia,Chordata,Aves,Charadriiformes,Laridae,species,"Linnaeus, 1758",Lesser Black-backed Gull,ICZN
703:20130531063315,Event,en,http://creativecommons.org/publicdomain/zero/1.0/,INBO,http://www.inbo.be/en/norms-for-data-use,http://doi.org/10.15468/02omly,INBO,Bird tracking - GPS tracking of Lesser Black-backed Gulls and Herring Gulls breeding at the southern North Sea coast,INBO,MachineObservation,see metadata,"{""device_info_serial"":703}",male,adult,L904812,Kees,doi:10.1007/s10336-012-0908-1,"{""secondsSinceLastOccurrence"":1807}",2013-05-31T06:33:15Z,0,2,51.3171495,3.2065275,WGS84,26,GPS,unverified,Larus fuscus,Animalia,Chordata,Aves,Charadriiformes,Laridae,species,"Linnaeus, 1758",Lesser Black-backed Gull,ICZN
703:20130531070304,Event,en,http://creativecommons.org/publicdomain/zero/1.0/,INBO,http://www.inbo.be/en/norms-for-data-use,http://doi.org/10.15468/02omly,INBO,Bird tracking - GPS tracking of Lesser Black-backed Gulls and Herring Gulls breeding at the southern North Sea coast,INBO,MachineObservation,see metadata,"{""device_info_serial"":703}",male,adult,L904812,Kees,doi:10.1007/s10336-012-0908-1,"{""secondsSinceLastOccurrence"":1789}",2013-05-31T07:03:04Z,0,25,51.3369308,3.189048,WGS84,7,GPS,unverified,Larus fuscus,Animalia,Chordata,Aves,Charadriiformes,Laridae,species,"Linnaeus, 1758",Lesser Black-backed Gull,ICZN
703:20130531073303,Event,en,http://creativecommons.org/publicdomain/zero/1.0/,INBO,http://www.inbo.be/en/norms-for-data-use,http://doi.org/10.15468/02omly,INBO,Bird tracking - GPS tracking of Lesser Black-backed Gulls and Herring Gulls breeding at the southern North Sea coast,INBO,MachineObservation,see metadata,"{""device_info_serial"":703}",male,adult,L904812,Kees,doi:10.1007/s10336-012-0908-1,"{""secondsSinceLastOccurrence"":1799}",2013-05-31T07:33:03Z,0,-1,51.3432095,3.185282,WGS84,32,GPS,unverified,Larus fuscus,Animalia,Chordata,Aves,Charadriiformes,Laridae,species,"Linnaeus, 1758",Lesser Black-backed Gull,ICZN
703:20130531073454,Event,en,http://creativecommons.org/publicdomain/zero/1.0/,INBO,http://www.inbo.be/en/norms-for-data-use,http://doi.org/10.15468/02omly,INBO,Bird tracking - GPS tracking of Lesser Black-backed Gulls and Herring Gulls breeding at the southern North Sea coast,INBO,MachineObservation,see metadata,"{""device_info_serial"":703}",male,adult,L904812,Kees,doi:10.1007/s10336-012-0908-1,"{""secondsSinceLastOccurrence"":111}",2013-05-31T07:34:54Z,0,3,51.3432129,3.1852509,WGS84,26,GPS,unverified,Larus fuscus,Animalia,Chordata,Aves,Charadriiformes,Laridae,species,"Linnaeus, 1758",Lesser Black-backed Gull,ICZN
703:20130531074437,Event,en,http://creativecommons.org/publicdomain/zero/1.0/,INBO,http://www.inbo.be/en/norms-for-data-use,http://doi.org/10.15468/02omly,INBO,Bird tracking - GPS tracking of Lesser Black-backed Gulls and Herring Gulls breeding at the southern North Sea coast,INBO,MachineObservation,see metadata,"{""device_info_serial"":703}",male,adult,L904812,Kees,doi:10.1007/s10336-012-0908-1,"{""secondsSinceLastOccurrence"":583}",2013-05-31T07:44:37Z,0,4,51.3432065,3.1852958,WGS84,35,GPS,unverified,Larus fuscus,Animalia,Chordata,Aves,Charadriiformes,Laridae,species,"Linnaeus, 1758",Lesser Black-backed Gull,ICZN
703:20130531075124,Event,en,http://creativecommons.org/publicdomain/zero/1.0/,INBO,http://www.inbo.be/en/norms-for-data-use,http://doi.org/10.15468/02omly,INBO,Bird tracking - GPS tracking of Lesser Black-backed Gulls and Herring Gulls breeding at the southern North Sea coast,INBO,MachineObservation,see metadata,"{""device_info_serial"":703}",male,adult,L904812,Kees,doi:10.1007/s10336-012-0908-1,"{""secondsSinceLastOccurrence"":407}",2013-05-31T07:51:24Z,0,7,51.3431507,3.1852684,WGS84,41,GPS,unverified,Larus fuscus,Animalia,Chordata,Aves,Charadriiformes,Laridae,species,"Linnaeus, 1758",Lesser Black-backed Gull,ICZN
703:20130531075847,Event,en,http://creativecommons.org/publicdomain/zero/1.0/,INBO,http://www.inbo.be/en/norms-for-data-use,http://doi.org/10.15468/02omly,INBO,Bird tracking - GPS tracking of Lesser Black-backed Gulls and Herring Gulls breeding at the southern North Sea coast,INBO,MachineObservation,see metadata,"{""device_info_serial"":703}",male,adult,L904812,Kees,doi:10.1007/s10336-012-0908-1,"{""secondsSinceLastOccurrence"":443}",2013-05-31T07:58:47Z,0,11,51.3431754,3.1852447,WGS84,8,GPS,unverified,Larus fuscus,Animalia,Chordata,Aves,Charadriiformes,Laridae,species,"Linnaeus, 1758",Lesser Black-backed Gull,ICZN
703:20130531080337,Event,en,http://creativecommons.org/publicdomain/zero/1.0/,INBO,http://www.inbo.be/en/norms-for-data-use,http://doi.org/10.15468/02omly,INBO,Bird tracking - GPS tracking of Lesser Black-backed Gulls and Herring Gulls breeding at the southern North Sea coast,INBO,MachineObservation,see metadata,"{""device_info_serial"":703}",male,adult,L904812,Kees,doi:10.1007/s10336-012-0908-1,"{""secondsSinceLastOccurrence"":290}",2013-05-31T08:03:37Z,0,87,51.3437962,3.1845616,WGS84,10,GPS,unverified,Larus fuscus,Animalia,Chordata,Aves,Charadriiformes,Laridae,species,"Linnaeus, 1758",Lesser Black-backed Gull,ICZN
703:20130531081047,Event,en,http://creativecommons.org/publicdomain/zero/1.0/,INBO,http://www.inbo.be/en/norms-for-data-use,http://doi.org/10.15468/02omly,INBO,Bird tracking - GPS tracking of Lesser Black-backed Gulls and Herring Gulls breeding at the southern North Sea coast,INBO,MachineObservation,see metadata,"{""device_info_serial"":703}",male,adult,L904812,Kees,doi:10.1007/s10336-012-0908-1,"{""secondsSinceLastOccurrence"":430}",2013-05-31T08:10:47Z,0,66,51.343831,3.1846948,WGS84,12,GPS,unverified,Larus fuscus,Animalia,Chordata,Aves,Charadriiformes,Laridae,species,"Linnaeus, 1758",Lesser Black-backed Gull,ICZN
703:20130531081801,Event,en,http://creativecommons.org/publicdomain/zero/1.0/,INBO,http://www.inbo.be/en/norms-for-data-use,http://doi.org/10.15468/02omly,INBO,Bird tracking - GPS tracking of Lesser Black-backed Gulls and Herring Gulls breeding at the southern North Sea coast,INBO,MachineObservation,see metadata,"{""device_info_serial"":703}",male,adult,L904812,Kees,doi:10.1007/s10336-012-0908-1,"{""secondsSinceLastOccurrence"":434}",2013-05-31T08:18:01Z,0,14,51.3438872,3.1842387,WGS84,18,GPS,unverified,Larus fuscus,Animalia,Chordata,Aves,Charadriiformes,Laridae,species,"Linnaeus, 1758",Lesser Black-backed Gull,ICZN
703:20130531082514,Event,en,http://creativecommons.org/publicdomain/zero/1.0/,INBO,http://www.inbo.be/en/norms-for-data-use,http://doi.org/10.15468/02omly,INBO,Bird tracking - GPS tracking of Lesser Black-backed Gulls and Herring Gulls breeding at the southern North Sea coast,INBO,MachineObservation,see metadata,"{""device_info_serial"":703}",male,adult,L904812,Kees,doi:10.1007/s10336-012-0908-1,"{""secondsSinceLastOccurrence"":433}",2013-05-31T08:25:14Z,0,-16,51.3436407,3.1841222,WGS84,14,GPS,unverified,Larus fuscus,Animalia,Chordata,Aves,Charadriiformes,Laridae,species,"Linnaeus, 1758",Lesser Black-backed Gull,ICZN
703:20130531083151,Event,en,http://creativecommons.org/publicdomain/zero/1.0/,INBO,http://www.inbo.be/en/norms-for-data-use,http://doi.org/10.15468/02omly,INBO,Bird tracking - GPS tracking of Lesser Black-backed Gulls and Herring Gulls breeding at the southern North Sea coast,INBO,MachineObservation,see metadata,"{""device_info_serial"":703}",male,adult,L904812,Kees,doi:10.1007/s10336-012-0908-1,"{""secondsSinceLastOccurrence"":397}",2013-05-31T08:31:51Z,0,41,51.343526,3.1846435,WGS84,16,GPS,unverified,Larus fuscus,Animalia,Chordata,Aves,Charadriiformes,Laridae,species,"Linnaeus, 1758",Lesser Black-backed Gull,ICZN
703:20130531083907,Event,en,http://creativecommons.org/publicdomain/zero/1.0/,INBO,http://www.inbo.be/en/norms-for-data-use,http://doi.org/10.15468/02omly,INBO,Bird tracking - GPS tracking of Lesser Black-backed Gulls and Herring Gulls breeding at the southern North Sea coast,INBO,MachineObservation,see metadata,"{""device_info_serial"":703}",male,adult,L904812,Kees,doi:10.1007/s10336-012-0908-1,"{""secondsSinceLastOccurrence"":436}",2013-05-31T08:39:07Z,0,86,51.3434565,3.1843485,WGS84,21,GPS,unverified,Larus fuscus,Animalia,Chordata,Aves,Charadriiformes,Laridae,species,"Linnaeus, 1758",Lesser Black-backed Gull,ICZN
703:20130531083953,Event,en,http://creativecommons.org/publicdomain/zero/1.0/,INBO,http://www.inbo.be/en/norms-for-data-use,http://doi.org/10.15468/02omly,INBO,Bird tracking - GPS tracking of Lesser Black-backed Gulls and Herring Gulls breeding at the southern North Sea coast,INBO,MachineObservation,see metadata,"{""device_info_serial"":703}",male,adult,L904812,Kees,doi:10.1007/s10336-012-0908-1,"{""secondsSinceLastOccurrence"":46}",2013-05-31T08:39:53Z,0,59,51.3435441,3.1843512,WGS84,20,GPS,unverified,Larus fuscus,Animalia,Chordata,Aves,Charadriiformes,Laridae,species,"Linnaeus, 1758",Lesser Black-backed Gull,ICZN
703:20130531085521,Event,en,http://creativecommons.org/publicdomain/zero/1.0/,INBO,http://www.inbo.be/en/norms-for-data-use,http://doi.org/10.15468/02omly,INBO,Bird tracking - GPS tracking of Lesser Black-backed Gulls and Herring Gulls breeding at the southern North Sea coast,INBO,MachineObservation,see metadata,"{""device_info_serial"":703}",male,adult,L904812,Kees,doi:10.1007/s10336-012-0908-1,"{""secondsSinceLastOccurrence"":928}",2013-05-31T08:55:21Z,0,11,51.3431757,3.1852796,WGS84,30,GPS,unverified,Larus fuscus,Animalia,Chordata,Aves,Charadriiformes,Laridae,species,"Linnaeus, 1758",Lesser Black-backed Gull,ICZN
703:20130531090026,Event,en,http://creativecommons.org/publicdomain/zero/1.0/,INBO,http://www.inbo.be/en/norms-for-data-use,http://doi.org/10.15468/02omly,INBO,Bird tracking - GPS tracking of Lesser Black-backed Gulls and Herring Gulls breeding at the southern North Sea coast,INBO,MachineObservation,see metadata,"{""device_info_serial"":703}",male,adult,L904812,Kees,doi:10.1007/s10336-012-0908-1,"{""secondsSinceLastOccurrence"":305}",2013-05-31T09:00:26Z,0,20,51.3431554,3.1853642,WGS84,42,GPS,unverified,Larus fuscus,Animalia,Chordata,Aves,Charadriiformes,Laridae,species,"Linnaeus, 1758",Lesser Black-backed Gull,ICZN
703:20130531090532,Event,en,http://creativecommons.org/publicdomain/zero/1.0/,INBO,http://www.inbo.be/en/norms-for-data-use,http://doi.org/10.15468/02omly,INBO,Bird tracking - GPS tracking of Lesser Black-backed Gulls and Herring Gulls breeding at the southern North Sea coast,INBO,MachineObservation,see metadata,"{""device_info_serial"":703}",male,adult,L904812,Kees,doi:10.1007/s10336-012-0908-1,"{""secondsSinceLastOccurrence"":306}",2013-05-31T09:05:32Z,0,19,51.343155,3.1853435,WGS84,54,GPS,unverified,Larus fuscus,Animalia,Chordata,Aves,Charadriiformes,Laridae,species,"Linnaeus, 1758",Lesser Black-backed Gull,ICZN
703:20130531091109,Event,en,http://creativecommons.org/publicdomain/zero/1.0/,INBO,http://www.inbo.be/en/norms-for-data-use,http://doi.org/10.15468/02omly,INBO,Bird tracking - GPS tracking of Lesser Black-backed Gulls and Herring Gulls breeding at the southern North Sea coast,INBO,MachineObservation,see metadata,"{""device_info_serial"":703}",male,adult,L904812,Kees,doi:10.1007/s10336-012-0908-1,"{""secondsSinceLastOccurrence"":337}",2013-05-31T09:11:09Z,0,7,51.3431703,3.1852706,WGS84,13,GPS,unverified,Larus fuscus,Animalia,Chordata,Aves,Charadriiformes,Laridae,species,"Linnaeus, 1758",Lesser Black-backed Gull,ICZN
703:20130531091608,Event,en,http://creativecommons.org/publicdomain/zero/1.0/,INBO,http://www.inbo.be/en/norms-for-data-use,http://doi.org/10.15468/02omly,INBO,Bird tracking - GPS tracking of Lesser Black-backed Gulls and Herring Gulls breeding at the southern North Sea coast,INBO,MachineObservation,see metadata,"{""device_info_serial"":703}",male,adult,L904812,Kees,doi:10.1007/s10336-012-0908-1,"{""secondsSinceLastOccurrence"":299}",2013-05-31T09:16:08Z,0,2,51.343163,3.1852767,WGS84,9,GPS,unverified,Larus fuscus,Animalia,Chordata,Aves,Charadriiformes,Laridae,species,"Linnaeus, 1758",Lesser Black-backed Gull,ICZN
703:20130531092339,Event,en,http://creativecommons.org/publicdomain/zero/1.0/,INBO,http://www.inbo.be/en/norms-for-data-use,http://doi.org/10.15468/02omly,INBO,Bird tracking - GPS tracking of Lesser Black-backed Gulls and Herring Gulls breeding at the southern North Sea coast,INBO,MachineObservation,see metadata,"{""device_info_serial"":703}",male,adult,L904812,Kees,doi:10.1007/s10336-012-0908-1,"{""secondsSinceLastOccurrence"":451}",2013-05-31T09:23:39Z,0,2,51.3431648,3.1852695,WGS84,16,GPS,unverified,Larus fuscus,Animalia,Chordata,Aves,Charadriiformes,Laridae,species,"Linnaeus, 1758",Lesser Black-backed Gull,ICZN
703:20130531092826,Event,en,http://creativecommons.org/publicdomain/zero/1.0/,INBO,http://www.inbo.be/en/norms-for-data-use,http://doi.org/10.15468/02omly,INBO,Bird tracking - GPS tracking of Lesser Black-backed Gulls and Herring Gulls breeding at the southern North Sea coast,INBO,MachineObservation,see metadata,"{""device_info_serial"":703}",male,adult,L904812,Kees,doi:10.1007/s10336-012-0908-1,"{""secondsSinceLastOccurrence"":287}",2013-05-31T09:28:26Z,0,9,51.3431799,3.1852658,WGS84,17,GPS,unverified,Larus fuscus,Animalia,Chordata,Aves,Charadriiformes,Laridae,species,"Linnaeus, 1758",Lesser Black-backed Gull,ICZN
703:20130531093312,Event,en,http://creativecommons.org/publicdomain/zero/1.0/,INBO,http://www.inbo.be/en/norms-for-data-use,http://doi.org/10.15468/02omly,INBO,Bird tracking - GPS tracking of Lesser Black-backed Gulls and Herring Gulls breeding at the southern North Sea coast,INBO,MachineObservation,see metadata,"{""device_info_serial"":703}",male,adult,L904812,Kees,doi:10.1007/s10336-012-0908-1,"{""secondsSinceLastOccurrence"":286}",2013-05-31T09:33:12Z,0,4,51.3431715,3.1853065,WGS84,9,GPS,unverified,Larus fuscus,Animalia,Chordata,Aves,Charadriiformes,Laridae,species,"Linnaeus, 1758",Lesser Black-backed Gull,ICZN
703:20130531093759,Event,en,http://creativecommons.org/publicdomain/zero/1.0/,INBO,http://www.inbo.be/en/norms-for-data-use,http://doi.org/10.15468/02omly,INBO,Bird tracking - GPS tracking of Lesser Black-backed Gulls and Herring Gulls breeding at the southern North Sea coast,INBO,MachineObservation,see metadata,"{""device_info_serial"":703}",male,adult,L904812,Kees,doi:10.1007/s10336-012-0908-1,"{""secondsSinceLastOccurrence"":287}",2013-05-31T09:37:59Z,0,5,51.3431532,3.1852405,WGS84,7,GPS,unverified,Larus fuscus,Animalia,Chordata,Aves,Charadriiformes,Laridae,species,"Linnaeus, 1758",Lesser Black-backed Gull,ICZN
703:20130531094823,Event,en,http://creativecommons.org/publicdomain/zero/1.0/,INBO,http://www.inbo.be/en/norms-for-data-use,http://doi.org/10.15468/02omly,INBO,Bird tracking - GPS tracking of Lesser Black-backed Gulls and Herring Gulls breeding at the southern North Sea coast,INBO,MachineObservation,see metadata,"{""device_info_serial"":703}",male,adult,L904812,Kees,doi:10.1007/s10336-012-0908-1,"{""secondsSinceLastOccurrence"":624}",2013-05-31T09:48:23Z,0,8,51.3431769,3.1852136,WGS84,8,GPS,unverified,Larus fuscus,Animalia,Chordata,Aves,Charadriiformes,Laridae,species,"Linnaeus, 1758",Lesser Black-backed Gull,ICZN
703:20130531095602,Event,en,http://creativecommons.org/publicdomain/zero/1.0/,INBO,http://www.inbo.be/en/norms-for-data-use,http://doi.org/10.15468/02omly,INBO,Bird tracking - GPS tracking of Lesser Black-backed Gulls and Herring Gulls breeding at the southern North Sea coast,INBO,MachineObservation,see metadata,"{""device_info_serial"":703}",male,adult,L904812,Kees,doi:10.1007/s10336-012-0908-1,"{""secondsSinceLastOccurrence"":459}",2013-05-31T09:56:02Z,0,4,51.3431784,3.1852791,WGS84,10,GPS,unverified,Larus fuscus,Animalia,Chordata,Aves,Charadriiformes,Laridae,species,"Linnaeus, 1758",Lesser Black-backed Gull,ICZN
703:20130531100209,Event,en,http://creativecommons.org/publicdomain/zero/1.0/,INBO,http://www.inbo.be/en/norms-for-data-use,http://doi.org/10.15468/02omly,INBO,Bird tracking - GPS tracking of Lesser Black-backed Gulls and Herring Gulls breeding at the southern North Sea coast,INBO,MachineObservation,see metadata,"{""device_info_serial"":703}",male,adult,L904812,Kees,doi:10.1007/s10336-012-0908-1,"{""secondsSinceLastOccurrence"":367}",2013-05-31T10:02:09Z,0,-14,51.3432339,3.1853503,WGS84,9,GPS,unverified,Larus fuscus,Animalia,Chordata,Aves,Charadriiformes,Laridae,species,"Linnaeus, 1758",Lesser Black-backed Gull,ICZN
703:20130531100917,Event,en,http://creativecommons.org/publicdomain/zero/1.0/,INBO,http://www.inbo.be/en/norms-for-data-use,http://doi.org/10.15468/02omly,INBO,Bird tracking - GPS tracking of Lesser Black-backed Gulls and Herring Gulls breeding at the southern North Sea coast,INBO,MachineObservation,see metadata,"{""device_info_serial"":703}",male,adult,L904812,Kees,doi:10.1007/s10336-012-0908-1,"{""secondsSinceLastOccurrence"":428}",2013-05-31T10:09:17Z,0,5,51.3431827,3.1852449,WGS84,22,GPS,unverified,Larus fuscus,Animalia,Chordata,Aves,Charadriiformes,Laridae,species,"Linnaeus, 1758",Lesser Black-backed Gull,ICZN
703:20130531101640,Event,en,http://creativecommons.org/publicdomain/zero/1.0/,INBO,http://www.inbo.be/en/norms-for-data-use,http://doi.org/10.15468/02omly,INBO,Bird tracking - GPS tracking of Lesser Black-backed Gulls and Herring Gulls breeding at the southern North Sea coast,INBO,MachineObservation,see metadata,"{""device_info_serial"":703}",male,adult,L904812,Kees,doi:10.1007/s10336-012-0908-1,"{""secondsSinceLastOccurrence"":443}",2013-05-31T10:16:40Z,0,4,51.3431848,3.185264,WGS84,10,GPS,unverified,Larus fuscus,Animalia,Chordata,Aves,Charadriiformes,Laridae,species,"Linnaeus, 1758",Lesser Black-backed Gull,ICZN
703:20130531102441,Event,en,http://creativecommons.org/publicdomain/zero/1.0/,INBO,http://www.inbo.be/en/norms-for-data-use,http://doi.org/10.15468/02omly,INBO,Bird tracking - GPS tracking of Lesser Black-backed Gulls and Herring Gulls breeding at the southern North Sea coast,INBO,MachineObservation,see metadata,"{""device_info_serial"":703}",male,adult,L904812,Kees,doi:10.1007/s10336-012-0908-1,"{""secondsSinceLastOccurrence"":481}",2013-05-31T10:24:41Z,0,-51,51.3420633,3.1866209,WGS84,12,GPS,unverified,Larus fuscus,Animalia,Chordata,Aves,Charadriiformes,Laridae,species,"Linnaeus, 1758",Lesser Black-backed Gull,ICZN
703:20130531102529,Event,en,http://creativecommons.org/publicdomain/zero/1.0/,INBO,http://www.inbo.be/en/norms-for-data-use,http://doi.org/10.15468/02omly,INBO,Bird tracking - GPS tracking of Lesser Black-backed Gulls and Herring Gulls breeding at the southern North Sea coast,INBO,MachineObservation,see metadata,"{""device_info_serial"":703}",male,adult,L904812,Kees,doi:10.1007/s10336-012-0908-1,"{""secondsSinceLastOccurrence"":48}",2013-05-31T10:25:29Z,0,-65,51.3421988,3.1868349,WGS84,11,GPS,unverified,Larus fuscus,Animalia,Chordata,Aves,Charadriiformes,Laridae,species,"Linnaeus, 1758",Lesser Black-backed Gull,ICZN
703:20130531103015,Event,en,http://creativecommons.org/publicdomain/zero/1.0/,INBO,http://www.inbo.be/en/norms-for-data-use,http://doi.org/10.15468/02omly,INBO,Bird tracking - GPS tracking of Lesser Black-backed Gulls and Herring Gulls breeding at the southern North Sea coast,INBO,MachineObservation,see metadata,"{""device_info_serial"":703}",male,adult,L904812,Kees,doi:10.1007/s10336-012-0908-1,"{""secondsSinceLastOccurrence"":286}",2013-05-31T10:30:15Z,0,-57,51.3421082,3.1866434,WGS84,9,GPS,unverified,Larus fuscus,Animalia,Chordata,Aves,Charadriiformes,Laridae,species,"Linnaeus, 1758",Lesser Black-backed Gull,ICZN
703:20130531103744,Event,en,http://creativecommons.org/publicdomain/zero/1.0/,INBO,http://www.inbo.be/en/norms-for-data-use,http://doi.org/10.15468/02omly,INBO,Bird tracking - GPS tracking of Lesser Black-backed Gulls and Herring Gulls breeding at the southern North Sea coast,INBO,MachineObservation,see metadata,"{""device_info_serial"":703}",male,adult,L904812,Kees,doi:10.1007/s10336-012-0908-1,"{""secondsSinceLastOccurrence"":449}",2013-05-31T10:37:44Z,0,-74,51.342214,3.1866382,WGS84,12,GPS,unverified,Larus fuscus,Animalia,Chordata,Aves,Charadriiformes,Laridae,species,"Linnaeus, 1758",Lesser Black-backed Gull,ICZN
703:20130531104457,Event,en,http://creativecommons.org/publicdomain/zero/1.0/,INBO,http://www.inbo.be/en/norms-for-data-use,http://doi.org/10.15468/02omly,INBO,Bird tracking - GPS tracking of Lesser Black-backed Gulls and Herring Gulls breeding at the southern North Sea coast,INBO,MachineObservation,see metadata,"{""device_info_serial"":703}",male,adult,L904812,Kees,doi:10.1007/s10336-012-0908-1,"{""secondsSinceLastOccurrence"":433}",2013-05-31T10:44:57Z,0,93,51.3441866,3.1833907,WGS84,15,GPS,unverified,Larus fuscus,Animalia,Chordata,Aves,Charadriiformes,Laridae,species,"Linnaeus, 1758",Lesser Black-backed Gull,ICZN
703:20130531104631,Event,en,http://creativecommons.org/publicdomain/zero/1.0/,INBO,http://www.inbo.be/en/norms-for-data-use,http://doi.org/10.15468/02omly,INBO,Bird tracking - GPS tracking of Lesser Black-backed Gulls and Herring Gulls breeding at the southern North Sea coast,INBO,MachineObservation,see metadata,"{""device_info_serial"":703}",male,adult,L904812,Kees,doi:10.1007/s10336-012-0908-1,"{""secondsSinceLastOccurrence"":94}",2013-05-31T10:46:31Z,0,25,51.3430492,3.1851269,WGS84,34,GPS,unverified,Larus fuscus,Animalia,Chordata,Aves,Charadriiformes,Laridae,species,"Linnaeus, 1758",Lesser Black-backed Gull,ICZN
703:20130531105132,Event,en,http://creativecommons.org/publicdomain/zero/1.0/,INBO,http://www.inbo.be/en/norms-for-data-use,http://doi.org/10.15468/02omly,INBO,Bird tracking - GPS tracking of Lesser Black-backed Gulls and Herring Gulls breeding at the southern North Sea coast,INBO,MachineObservation,see metadata,"{""device_info_serial"":703}",male,adult,L904812,Kees,doi:10.1007/s10336-012-0908-1,"{""secondsSinceLastOccurrence"":301}",2013-05-31T10:51:32Z,0,-300,51.3449194,3.1865276,WGS84,62,GPS,unverified,Larus fuscus,Animalia,Chordata,Aves,Charadriiformes,Laridae,species,"Linnaeus, 1758",Lesser Black-backed Gull,ICZN
703:20130531105400,Event,en,http://creativecommons.org/publicdomain/zero/1.0/,INBO,http://www.inbo.be/en/norms-for-data-use,http://doi.org/10.15468/02omly,INBO,Bird tracking - GPS tracking of Lesser Black-backed Gulls and Herring Gulls breeding at the southern North Sea coast,INBO,MachineObservation,see metadata,"{""device_info_serial"":703}",male,adult,L904812,Kees,doi:10.1007/s10336-012-0908-1,"{""secondsSinceLastOccurrence"":148}",2013-05-31T10:54:00Z,0,4,51.3432141,3.1852627,WGS84,12,GPS,unverified,Larus fuscus,Animalia,Chordata,Aves,Charadriiformes,Laridae,species,"Linnaeus, 1758",Lesser Black-backed Gull,ICZN
703:20130531110114,Event,en,http://creativecommons.org/publicdomain/zero/1.0/,INBO,http://www.inbo.be/en/norms-for-data-use,http://doi.org/10.15468/02omly,INBO,Bird tracking - GPS tracking of Lesser Black-backed Gulls and Herring Gulls breeding at the southern North Sea coast,INBO,MachineObservation,see metadata,"{""device_info_serial"":703}",male,adult,L904812,Kees,doi:10.1007/s10336-012-0908-1,"{""secondsSinceLastOccurrence"":434}",2013-05-31T11:01:14Z,0,-2,51.3432306,3.1852916,WGS84,20,GPS,unverified,Larus fuscus,Animalia,Chordata,Aves,Charadriiformes,Laridae,species,"Linnaeus, 1758",Lesser Black-backed Gull,ICZN
703:20130531110720,Event,en,http://creativecommons.org/publicdomain/zero/1.0/,INBO,http://www.inbo.be/en/norms-for-data-use,http://doi.org/10.15468/02omly,INBO,Bird tracking - GPS tracking of Lesser Black-backed Gulls and Herring Gulls breeding at the southern North Sea coast,INBO,MachineObservation,see metadata,"{""device_info_serial"":703}",male,adult,L904812,Kees,doi:10.1007/s10336-012-0908-1,"{""secondsSinceLastOccurrence"":366}",2013-05-31T11:07:20Z,0,1,51.3432083,3.1852581,WGS84,10,GPS,unverified,Larus fuscus,Animalia,Chordata,Aves,Charadriiformes,Laridae,species,"Linnaeus, 1758",Lesser Black-backed Gull,ICZN
703:20130531111237,Event,en,http://creativecommons.org/publicdomain/zero/1.0/,INBO,http://www.inbo.be/en/norms-for-data-use,http://doi.org/10.15468/02omly,INBO,Bird tracking - GPS tracking of Lesser Black-backed Gulls and Herring Gulls breeding at the southern North Sea coast,INBO,MachineObservation,see metadata,"{""device_info_serial"":703}",male,adult,L904812,Kees,doi:10.1007/s10336-012-0908-1,"{""secondsSinceLastOccurrence"":317}",2013-05-31T11:12:37Z,0,5,51.3431722,3.1852333,WGS84,10,GPS,unverified,Larus fuscus,Animalia,Chordata,Aves,Charadriiformes,Laridae,species,"Linnaeus, 1758",Lesser Black-backed Gull,ICZN
703:20130531111759,Event,en,http://creativecommons.org/publicdomain/zero/1.0/,INBO,http://www.inbo.be/en/norms-for-data-use,http://doi.org/10.15468/02omly,INBO,Bird tracking - GPS tracking of Lesser Black-backed Gulls and Herring Gulls breeding at the southern North Sea coast,INBO,MachineObservation,see metadata,"{""device_info_serial"":703}",male,adult,L904812,Kees,doi:10.1007/s10336-012-0908-1,"{""secondsSinceLastOccurrence"":322}",2013-05-31T11:17:59Z,0,-11,51.3431305,3.1851101,WGS84,12,GPS,unverified,Larus fuscus,Animalia,Chordata,Aves,Charadriiformes,Laridae,species,"Linnaeus, 1758",Lesser Black-backed Gull,ICZN
703:20130531112528,Event,en,http://creativecommons.org/publicdomain/zero/1.0/,INBO,http://www.inbo.be/en/norms-for-data-use,http://doi.org/10.15468/02omly,INBO,Bird tracking - GPS tracking of Lesser Black-backed Gulls and Herring Gulls breeding at the southern North Sea coast,INBO,MachineObservation,see metadata,"{""device_info_serial"":703}",male,adult,L904812,Kees,doi:10.1007/s10336-012-0908-1,"{""secondsSinceLastOccurrence"":449}",2013-05-31T11:25:28Z,0,-32,51.343272,3.1851923,WGS84,10,GPS,unverified,Larus fuscus,Animalia,Chordata,Aves,Charadriiformes,Laridae,species,"Linnaeus, 1758",Lesser Black-backed Gull,ICZN
703:20130531113056,Event,en,http://creativecommons.org/publicdomain/zero/1.0/,INBO,http://www.inbo.be/en/norms-for-data-use,http://doi.org/10.15468/02omly,INBO,Bird tracking - GPS tracking of Lesser Black-backed Gulls and Herring Gulls breeding at the southern North Sea coast,INBO,MachineObservation,see metadata,"{""device_info_serial"":703}",male,adult,L904812,Kees,doi:10.1007/s10336-012-0908-1,"{""secondsSinceLastOccurrence"":328}",2013-05-31T11:30:56Z,0,-59,51.3431537,3.1850642,WGS84,94,GPS,unverified,Larus fuscus,Animalia,Chordata,Aves,Charadriiformes,Laridae,species,"Linnaeus, 1758",Lesser Black-backed Gull,ICZN
703:20130531113759,Event,en,http://creativecommons.org/publicdomain/zero/1.0/,INBO,http://www.inbo.be/en/norms-for-data-use,http://doi.org/10.15468/02omly,INBO,Bird tracking - GPS tracking of Lesser Black-backed Gulls and Herring Gulls breeding at the southern North Sea coast,INBO,MachineObservation,see metadata,"{""device_info_serial"":703}",male,adult,L904812,Kees,doi:10.1007/s10336-012-0908-1,"{""secondsSinceLastOccurrence"":423}",2013-05-31T11:37:59Z,0,-18,51.3430605,3.1850855,WGS84,14,GPS,unverified,Larus fuscus,Animalia,Chordata,Aves,Charadriiformes,Laridae,species,"Linnaeus, 1758",Lesser Black-backed Gull,ICZN
703:20130531114247,Event,en,http://creativecommons.org/publicdomain/zero/1.0/,INBO,http://www.inbo.be/en/norms-for-data-use,http://doi.org/10.15468/02omly,INBO,Bird tracking - GPS tracking of Lesser Black-backed Gulls and Herring Gulls breeding at the southern North Sea coast,INBO,MachineObservation,see metadata,"{""device_info_serial"":703}",male,adult,L904812,Kees,doi:10.1007/s10336-012-0908-1,"{""secondsSinceLastOccurrence"":288}",2013-05-31T11:42:47Z,0,-7,51.3430168,3.1848684,WGS84,15,GPS,unverified,Larus fuscus,Animalia,Chordata,Aves,Charadriiformes,Laridae,species,"Linnaeus, 1758",Lesser Black-backed Gull,ICZN
703:20130531114959,Event,en,http://creativecommons.org/publicdomain/zero/1.0/,INBO,http://www.inbo.be/en/norms-for-data-use,http://doi.org/10.15468/02omly,INBO,Bird tracking - GPS tracking of Lesser Black-backed Gulls and Herring Gulls breeding at the southern North Sea coast,INBO,MachineObservation,see metadata,"{""device_info_serial"":703}",male,adult,L904812,Kees,doi:10.1007/s10336-012-0908-1,"{""secondsSinceLastOccurrence"":432}",2013-05-31T11:49:59Z,0,-14,51.3430377,3.1849345,WGS84,10,GPS,unverified,Larus fuscus,Animalia,Chordata,Aves,Charadriiformes,Laridae,species,"Linnaeus, 1758",Lesser Black-backed Gull,ICZN
703:20130531115726,Event,en,http://creativecommons.org/publicdomain/zero/1.0/,INBO,http://www.inbo.be/en/norms-for-data-use,http://doi.org/10.15468/02omly,INBO,Bird tracking - GPS tracking of Lesser Black-backed Gulls and Herring Gulls breeding at the southern North Sea coast,INBO,MachineObservation,see metadata,"{""device_info_serial"":703}",male,adult,L904812,Kees,doi:10.1007/s10336-012-0908-1,"{""secondsSinceLastOccurrence"":447}",2013-05-31T11:57:26Z,0,-17,51.3431088,3.1851309,WGS84,12,GPS,unverified,Larus fuscus,Animalia,Chordata,Aves,Charadriiformes,Laridae,species,"Linnaeus, 1758",Lesser Black-backed Gull,ICZN
703:20130531120308,Event,en,http://creativecommons.org/publicdomain/zero/1.0/,INBO,http://www.inbo.be/en/norms-for-data-use,http://doi.org/10.15468/02omly,INBO,Bird tracking - GPS tracking of Lesser Black-backed Gulls and Herring Gulls breeding at the southern North Sea coast,INBO,MachineObservation,see metadata,"{""device_info_serial"":703}",male,adult,L904812,Kees,doi:10.1007/s10336-012-0908-1,"{""secondsSinceLastOccurrence"":342}",2013-05-31T12:03:08Z,0,40,51.3424481,3.1812861,WGS84,96,GPS,unverified,Larus fuscus,Animalia,Chordata,Aves,Charadriiformes,Laridae,species,"Linnaeus, 1758",Lesser Black-backed Gull,ICZN
703:20130531120804,Event,en,http://creativecommons.org/publicdomain/zero/1.0/,INBO,http://www.inbo.be/en/norms-for-data-use,http://doi.org/10.15468/02omly,INBO,Bird tracking - GPS tracking of Lesser Black-backed Gulls and Herring Gulls breeding at the southern North Sea coast,INBO,MachineObservation,see metadata,"{""device_info_serial"":703}",male,adult,L904812,Kees,doi:10.1007/s10336-012-0908-1,"{""secondsSinceLastOccurrence"":296}",2013-05-31T12:08:04Z,0,6,51.3431559,3.1852211,WGS84,8,GPS,unverified,Larus fuscus,Animalia,Chordata,Aves,Charadriiformes,Laridae,species,"Linnaeus, 1758",Lesser Black-backed Gull,ICZN
703:20130531122040,Event,en,http://creativecommons.org/publicdomain/zero/1.0/,INBO,http://www.inbo.be/en/norms-for-data-use,http://doi.org/10.15468/02omly,INBO,Bird tracking - GPS tracking of Lesser Black-backed Gulls and Herring Gulls breeding at the southern North Sea coast,INBO,MachineObservation,see metadata,"{""device_info_serial"":703}",male,adult,L904812,Kees,doi:10.1007/s10336-012-0908-1,"{""secondsSinceLastOccurrence"":756}",2013-05-31T12:20:40Z,0,-333,51.3460564,3.185605,WGS84,100,GPS,unverified,Larus fuscus,Animalia,Chordata,Aves,Charadriiformes,Laridae,species,"Linnaeus, 1758",Lesser Black-backed Gull,ICZN
703:20130531122127,Event,en,http://creativecommons.org/publicdomain/zero/1.0/,INBO,http://www.inbo.be/en/norms-for-data-use,http://doi.org/10.15468/02omly,INBO,Bird tracking - GPS tracking of Lesser Black-backed Gulls and Herring Gulls breeding at the southern North Sea coast,INBO,MachineObservation,see metadata,"{""device_info_serial"":703}",male,adult,L904812,Kees,doi:10.1007/s10336-012-0908-1,"{""secondsSinceLastOccurrence"":47}",2013-05-31T12:21:27Z,0,65,51.343437,3.1849559,WGS84,17,GPS,unverified,Larus fuscus,Animalia,Chordata,Aves,Charadriiformes,Laridae,species,"Linnaeus, 1758",Lesser Black-backed Gull,ICZN
703:20130531122847,Event,en,http://creativecommons.org/publicdomain/zero/1.0/,INBO,http://www.inbo.be/en/norms-for-data-use,http://doi.org/10.15468/02omly,INBO,Bird tracking - GPS tracking of Lesser Black-backed Gulls and Herring Gulls breeding at the southern North Sea coast,INBO,MachineObservation,see metadata,"{""device_info_serial"":703}",male,adult,L904812,Kees,doi:10.1007/s10336-012-0908-1,"{""secondsSinceLastOccurrence"":440}",2013-05-31T12:28:47Z,0,19,51.3431757,3.1852185,WGS84,56,GPS,unverified,Larus fuscus,Animalia,Chordata,Aves,Charadriiformes,Laridae,species,"Linnaeus, 1758",Lesser Black-backed Gull,ICZN
703:20130531123410,Event,en,http://creativecommons.org/publicdomain/zero/1.0/,INBO,http://www.inbo.be/en/norms-for-data-use,http://doi.org/10.15468/02omly,INBO,Bird tracking - GPS tracking of Lesser Black-backed Gulls and Herring Gulls breeding at the southern North Sea coast,INBO,MachineObservation,see metadata,"{""device_info_serial"":703}",male,adult,L904812,Kees,doi:10.1007/s10336-012-0908-1,"{""secondsSinceLastOccurrence"":323}",2013-05-31T12:34:10Z,0,4,51.343156,3.1852521,WGS84,11,GPS,unverified,Larus fuscus,Animalia,Chordata,Aves,Charadriiformes,Laridae,species,"Linnaeus, 1758",Lesser Black-backed Gull,ICZN
703:20130531124146,Event,en,http://creativecommons.org/publicdomain/zero/1.0/,INBO,http://www.inbo.be/en/norms-for-data-use,http://doi.org/10.15468/02omly,INBO,Bird tracking - GPS tracking of Lesser Black-backed Gulls and Herring Gulls breeding at the southern North Sea coast,INBO,MachineObservation,see metadata,"{""device_info_serial"":703}",male,adult,L904812,Kees,doi:10.1007/s10336-012-0908-1,"{""secondsSinceLastOccurrence"":456}",2013-05-31T12:41:46Z,0,4,51.343144,3.1852378,WGS84,14,GPS,unverified,Larus fuscus,Animalia,Chordata,Aves,Charadriiformes,Laridae,species,"Linnaeus, 1758",Lesser Black-backed Gull,ICZN
703:20130531124632,Event,en,http://creativecommons.org/publicdomain/zero/1.0/,INBO,http://www.inbo.be/en/norms-for-data-use,http://doi.org/10.15468/02omly,INBO,Bird tracking - GPS tracking of Lesser Black-backed Gulls and Herring Gulls breeding at the southern North Sea coast,INBO,MachineObservation,see metadata,"{""device_info_serial"":703}",male,adult,L904812,Kees,doi:10.1007/s10336-012-0908-1,"{""secondsSinceLastOccurrence"":286}",2013-05-31T12:46:32Z,0,6,51.3431352,3.1852257,WGS84,15,GPS,unverified,Larus fuscus,Animalia,Chordata,Aves,Charadriiformes,Laridae,species,"Linnaeus, 1758",Lesser Black-backed Gull,ICZN
703:20130531130059,Event,en,http://creativecommons.org/publicdomain/zero/1.0/,INBO,http://www.inbo.be/en/norms-for-data-use,http://doi.org/10.15468/02omly,INBO,Bird tracking - GPS tracking of Lesser Black-backed Gulls and Herring Gulls breeding at the southern North Sea coast,INBO,MachineObservation,see metadata,"{""device_info_serial"":703}",male,adult,L904812,Kees,doi:10.1007/s10336-012-0908-1,"{""secondsSinceLastOccurrence"":867}",2013-05-31T13:00:59Z,0,8,51.3431562,3.1852349,WGS84,18,GPS,unverified,Larus fuscus,Animalia,Chordata,Aves,Charadriiformes,Laridae,species,"Linnaeus, 1758",Lesser Black-backed Gull,ICZN
703:20130531130821,Event,en,http://creativecommons.org/publicdomain/zero/1.0/,INBO,http://www.inbo.be/en/norms-for-data-use,http://doi.org/10.15468/02omly,INBO,Bird tracking - GPS tracking of Lesser Black-backed Gulls and Herring Gulls breeding at the southern North Sea coast,INBO,MachineObservation,see metadata,"{""device_info_serial"":703}",male,adult,L904812,Kees,doi:10.1007/s10336-012-0908-1,"{""secondsSinceLastOccurrence"":442}",2013-05-31T13:08:21Z,0,6,51.3431576,3.1852443,WGS84,14,GPS,unverified,Larus fuscus,Animalia,Chordata,Aves,Charadriiformes,Laridae,species,"Linnaeus, 1758",Lesser Black-backed Gull,ICZN
703:20130531131551,Event,en,http://creativecommons.org/publicdomain/zero/1.0/,INBO,http://www.inbo.be/en/norms-for-data-use,http://doi.org/10.15468/02omly,INBO,Bird tracking - GPS tracking of Lesser Black-backed Gulls and Herring Gulls breeding at the southern North Sea coast,INBO,MachineObservation,see metadata,"{""device_info_serial"":703}",male,adult,L904812,Kees,doi:10.1007/s10336-012-0908-1,"{""secondsSinceLastOccurrence"":450}",2013-05-31T13:15:51Z,0,34,51.3432228,3.1851118,WGS84,14,GPS,unverified,Larus fuscus,Animalia,Chordata,Aves,Charadriiformes,Laridae,species,"Linnaeus, 1758",Lesser Black-backed Gull,ICZN
703:20130531132353,Event,en,http://creativecommons.org/publicdomain/zero/1.0/,INBO,http://www.inbo.be/en/norms-for-data-use,http://doi.org/10.15468/02omly,INBO,Bird tracking - GPS tracking of Lesser Black-backed Gulls and Herring Gulls breeding at the southern North Sea coast,INBO,MachineObservation,see metadata,"{""device_info_serial"":703}",male,adult,L904812,Kees,doi:10.1007/s10336-012-0908-1,"{""secondsSinceLastOccurrence"":482}",2013-05-31T13:23:53Z,0,11,51.3432694,3.1851378,WGS84,50,GPS,unverified,Larus fuscus,Animalia,Chordata,Aves,Charadriiformes,Laridae,species,"Linnaeus, 1758",Lesser Black-backed Gull,ICZN
703:20130531132846,Event,en,http://creativecommons.org/publicdomain/zero/1.0/,INBO,http://www.inbo.be/en/norms-for-data-use,http://doi.org/10.15468/02omly,INBO,Bird tracking - GPS tracking of Lesser Black-backed Gulls and Herring Gulls breeding at the southern North Sea coast,INBO,MachineObservation,see metadata,"{""device_info_serial"":703}",male,adult,L904812,Kees,doi:10.1007/s10336-012-0908-1,"{""secondsSinceLastOccurrence"":293}",2013-05-31T13:28:46Z,0,-185,51.3419443,3.1882949,WGS84,72,GPS,unverified,Larus fuscus,Animalia,Chordata,Aves,Charadriiformes,Laridae,species,"Linnaeus, 1758",Lesser Black-backed Gull,ICZN
703:20130531133120,Event,en,http://creativecommons.org/publicdomain/zero/1.0/,INBO,http://www.inbo.be/en/norms-for-data-use,http://doi.org/10.15468/02omly,INBO,Bird tracking - GPS tracking of Lesser Black-backed Gulls and Herring Gulls breeding at the southern North Sea coast,INBO,MachineObservation,see metadata,"{""device_info_serial"":703}",male,adult,L904812,Kees,doi:10.1007/s10336-012-0908-1,"{""secondsSinceLastOccurrence"":154}",2013-05-31T13:31:20Z,0,-150,51.3424506,3.1873108,WGS84,26,GPS,unverified,Larus fuscus,Animalia,Chordata,Aves,Charadriiformes,Laridae,species,"Linnaeus, 1758",Lesser Black-backed Gull,ICZN
703:20130531133835,Event,en,http://creativecommons.org/publicdomain/zero/1.0/,INBO,http://www.inbo.be/en/norms-for-data-use,http://doi.org/10.15468/02omly,INBO,Bird tracking - GPS tracking of Lesser Black-backed Gulls and Herring Gulls breeding at the southern North Sea coast,INBO,MachineObservation,see metadata,"{""device_info_serial"":703}",male,adult,L904812,Kees,doi:10.1007/s10336-012-0908-1,"{""secondsSinceLastOccurrence"":435}",2013-05-31T13:38:35Z,0,-244,51.343555,3.187459,WGS84,63,GPS,unverified,Larus fuscus,Animalia,Chordata,Aves,Charadriiformes,Laridae,species,"Linnaeus, 1758",Lesser Black-backed Gull,ICZN
703:20130531134824,Event,en,http://creativecommons.org/publicdomain/zero/1.0/,INBO,http://www.inbo.be/en/norms-for-data-use,http://doi.org/10.15468/02omly,INBO,Bird tracking - GPS tracking of Lesser Black-backed Gulls and Herring Gulls breeding at the southern North Sea coast,INBO,MachineObservation,see metadata,"{""device_info_serial"":703}",male,adult,L904812,Kees,doi:10.1007/s10336-012-0908-1,"{""secondsSinceLastOccurrence"":589}",2013-05-31T13:48:24Z,0,270,51.3441047,3.1814999,WGS84,42,GPS,unverified,Larus fuscus,Animalia,Chordata,Aves,Charadriiformes,Laridae,species,"Linnaeus, 1758",Lesser Black-backed Gull,ICZN
703:20130531135115,Event,en,http://creativecommons.org/publicdomain/zero/1.0/,INBO,http://www.inbo.be/en/norms-for-data-use,http://doi.org/10.15468/02omly,INBO,Bird tracking - GPS tracking of Lesser Black-backed Gulls and Herring Gulls breeding at the southern North Sea coast,INBO,MachineObservation,see metadata,"{""device_info_serial"":703}",male,adult,L904812,Kees,doi:10.1007/s10336-012-0908-1,"{""secondsSinceLastOccurrence"":171}",2013-05-31T13:51:15Z,0,13,51.3432404,3.1851808,WGS84,30,GPS,unverified,Larus fuscus,Animalia,Chordata,Aves,Charadriiformes,Laridae,species,"Linnaeus, 1758",Lesser Black-backed Gull,ICZN
703:20130531135818,Event,en,http://creativecommons.org/publicdomain/zero/1.0/,INBO,http://www.inbo.be/en/norms-for-data-use,http://doi.org/10.15468/02omly,INBO,Bird tracking - GPS tracking of Lesser Black-backed Gulls and Herring Gulls breeding at the southern North Sea coast,INBO,MachineObservation,see metadata,"{""device_info_serial"":703}",male,adult,L904812,Kees,doi:10.1007/s10336-012-0908-1,"{""secondsSinceLastOccurrence"":423}",2013-05-31T13:58:18Z,0,-29,51.3434952,3.1853693,WGS84,18,GPS,unverified,Larus fuscus,Animalia,Chordata,Aves,Charadriiformes,Laridae,species,"Linnaeus, 1758",Lesser Black-backed Gull,ICZN
703:20130531140527,Event,en,http://creativecommons.org/publicdomain/zero/1.0/,INBO,http://www.inbo.be/en/norms-for-data-use,http://doi.org/10.15468/02omly,INBO,Bird tracking - GPS tracking of Lesser Black-backed Gulls and Herring Gulls breeding at the southern North Sea coast,INBO,MachineObservation,see metadata,"{""device_info_serial"":703}",male,adult,L904812,Kees,doi:10.1007/s10336-012-0908-1,"{""secondsSinceLastOccurrence"":429}",2013-05-31T14:05:27Z,0,174,51.3440766,3.1841763,WGS84,23,GPS,unverified,Larus fuscus,Animalia,Chordata,Aves,Charadriiformes,Laridae,species,"Linnaeus, 1758",Lesser Black-backed Gull,ICZN
703:20130531140629,Event,en,http://creativecommons.org/publicdomain/zero/1.0/,INBO,http://www.inbo.be/en/norms-for-data-use,http://doi.org/10.15468/02omly,INBO,Bird tracking - GPS tracking of Lesser Black-backed Gulls and Herring Gulls breeding at the southern North Sea coast,INBO,MachineObservation,see metadata,"{""device_info_serial"":703}",male,adult,L904812,Kees,doi:10.1007/s10336-012-0908-1,"{""secondsSinceLastOccurrence"":62}",2013-05-31T14:06:29Z,0,6,51.3431295,3.1852229,WGS84,19,GPS,unverified,Larus fuscus,Animalia,Chordata,Aves,Charadriiformes,Laridae,species,"Linnaeus, 1758",Lesser Black-backed Gull,ICZN
703:20130531141134,Event,en,http://creativecommons.org/publicdomain/zero/1.0/,INBO,http://www.inbo.be/en/norms-for-data-use,http://doi.org/10.15468/02omly,INBO,Bird tracking - GPS tracking of Lesser Black-backed Gulls and Herring Gulls breeding at the southern North Sea coast,INBO,MachineObservation,see metadata,"{""device_info_serial"":703}",male,adult,L904812,Kees,doi:10.1007/s10336-012-0908-1,"{""secondsSinceLastOccurrence"":305}",2013-05-31T14:11:34Z,0,10,51.3431976,3.1852515,WGS84,16,GPS,unverified,Larus fuscus,Animalia,Chordata,Aves,Charadriiformes,Laridae,species,"Linnaeus, 1758",Lesser Black-backed Gull,ICZN
703:20130531141623,Event,en,http://creativecommons.org/publicdomain/zero/1.0/,INBO,http://www.inbo.be/en/norms-for-data-use,http://doi.org/10.15468/02omly,INBO,Bird tracking - GPS tracking of Lesser Black-backed Gulls and Herring Gulls breeding at the southern North Sea coast,INBO,MachineObservation,see metadata,"{""device_info_serial"":703}",male,adult,L904812,Kees,doi:10.1007/s10336-012-0908-1,"{""secondsSinceLastOccurrence"":289}",2013-05-31T14:16:23Z,0,-8,51.3431887,3.1851029,WGS84,15,GPS,unverified,Larus fuscus,Animalia,Chordata,Aves,Charadriiformes,Laridae,species,"Linnaeus, 1758",Lesser Black-backed Gull,ICZN
703:20130531142111,Event,en,http://creativecommons.org/publicdomain/zero/1.0/,INBO,http://www.inbo.be/en/norms-for-data-use,http://doi.org/10.15468/02omly,INBO,Bird tracking - GPS tracking of Lesser Black-backed Gulls and Herring Gulls breeding at the southern North Sea coast,INBO,MachineObservation,see metadata,"{""device_info_serial"":703}",male,adult,L904812,Kees,doi:10.1007/s10336-012-0908-1,"{""secondsSinceLastOccurrence"":288}",2013-05-31T14:21:11Z,0,8,51.3430663,3.1851394,WGS84,14,GPS,unverified,Larus fuscus,Animalia,Chordata,Aves,Charadriiformes,Laridae,species,"Linnaeus, 1758",Lesser Black-backed Gull,ICZN
703:20130531142943,Event,en,http://creativecommons.org/publicdomain/zero/1.0/,INBO,http://www.inbo.be/en/norms-for-data-use,http://doi.org/10.15468/02omly,INBO,Bird tracking - GPS tracking of Lesser Black-backed Gulls and Herring Gulls breeding at the southern North Sea coast,INBO,MachineObservation,see metadata,"{""device_info_serial"":703}",male,adult,L904812,Kees,doi:10.1007/s10336-012-0908-1,"{""secondsSinceLastOccurrence"":512}",2013-05-31T14:29:43Z,0,-4,51.3432573,3.185153,WGS84,10,GPS,unverified,Larus fuscus,Animalia,Chordata,Aves,Charadriiformes,Laridae,species,"Linnaeus, 1758",Lesser Black-backed Gull,ICZN
703:20130531143703,Event,en,http://creativecommons.org/publicdomain/zero/1.0/,INBO,http://www.inbo.be/en/norms-for-data-use,http://doi.org/10.15468/02omly,INBO,Bird tracking - GPS tracking of Lesser Black-backed Gulls and Herring Gulls breeding at the southern North Sea coast,INBO,MachineObservation,see metadata,"{""device_info_serial"":703}",male,adult,L904812,Kees,doi:10.1007/s10336-012-0908-1,"{""secondsSinceLastOccurrence"":440}",2013-05-31T14:37:03Z,0,-79,51.3434112,3.1850129,WGS84,35,GPS,unverified,Larus fuscus,Animalia,Chordata,Aves,Charadriiformes,Laridae,species,"Linnaeus, 1758",Lesser Black-backed Gull,ICZN
703:20130531144423,Event,en,http://creativecommons.org/publicdomain/zero/1.0/,INBO,http://www.inbo.be/en/norms-for-data-use,http://doi.org/10.15468/02omly,INBO,Bird tracking - GPS tracking of Lesser Black-backed Gulls and Herring Gulls breeding at the southern North Sea coast,INBO,MachineObservation,see metadata,"{""device_info_serial"":703}",male,adult,L904812,Kees,doi:10.1007/s10336-012-0908-1,"{""secondsSinceLastOccurrence"":440}",2013-05-31T14:44:23Z,0,-32,51.3434499,3.1849046,WGS84,41,GPS,unverified,Larus fuscus,Animalia,Chordata,Aves,Charadriiformes,Laridae,species,"Linnaeus, 1758",Lesser Black-backed Gull,ICZN
703:20130531145136,Event,en,http://creativecommons.org/publicdomain/zero/1.0/,INBO,http://www.inbo.be/en/norms-for-data-use,http://doi.org/10.15468/02omly,INBO,Bird tracking - GPS tracking of Lesser Black-backed Gulls and Herring Gulls breeding at the southern North Sea coast,INBO,MachineObservation,see metadata,"{""device_info_serial"":703}",male,adult,L904812,Kees,doi:10.1007/s10336-012-0908-1,"{""secondsSinceLastOccurrence"":433}",2013-05-31T14:51:36Z,0,-66,51.3436411,3.1850795,WGS84,40,GPS,unverified,Larus fuscus,Animalia,Chordata,Aves,Charadriiformes,Laridae,species,"Linnaeus, 1758",Lesser Black-backed Gull,ICZN
703:20130531145920,Event,en,http://creativecommons.org/publicdomain/zero/1.0/,INBO,http://www.inbo.be/en/norms-for-data-use,http://doi.org/10.15468/02omly,INBO,Bird tracking - GPS tracking of Lesser Black-backed Gulls and Herring Gulls breeding at the southern North Sea coast,INBO,MachineObservation,see metadata,"{""device_info_serial"":703}",male,adult,L904812,Kees,doi:10.1007/s10336-012-0908-1,"{""secondsSinceLastOccurrence"":464}",2013-05-31T14:59:20Z,0,-27,51.3434702,3.1850632,WGS84,46,GPS,unverified,Larus fuscus,Animalia,Chordata,Aves,Charadriiformes,Laridae,species,"Linnaeus, 1758",Lesser Black-backed Gull,ICZN
703:20130531150456,Event,en,http://creativecommons.org/publicdomain/zero/1.0/,INBO,http://www.inbo.be/en/norms-for-data-use,http://doi.org/10.15468/02omly,INBO,Bird tracking - GPS tracking of Lesser Black-backed Gulls and Herring Gulls breeding at the southern North Sea coast,INBO,MachineObservation,see metadata,"{""device_info_serial"":703}",male,adult,L904812,Kees,doi:10.1007/s10336-012-0908-1,"{""secondsSinceLastOccurrence"":336}",2013-05-31T15:04:56Z,0,-45,51.3443993,3.1853068,WGS84,36,GPS,unverified,Larus fuscus,Animalia,Chordata,Aves,Charadriiformes,Laridae,species,"Linnaeus, 1758",Lesser Black-backed Gull,ICZN
703:20130531150719,Event,en,http://creativecommons.org/publicdomain/zero/1.0/,INBO,http://www.inbo.be/en/norms-for-data-use,http://doi.org/10.15468/02omly,INBO,Bird tracking - GPS tracking of Lesser Black-backed Gulls and Herring Gulls breeding at the southern North Sea coast,INBO,MachineObservation,see metadata,"{""device_info_serial"":703}",male,adult,L904812,Kees,doi:10.1007/s10336-012-0908-1,"{""secondsSinceLastOccurrence"":143}",2013-05-31T15:07:19Z,0,5,51.3432202,3.1852611,WGS84,17,GPS,unverified,Larus fuscus,Animalia,Chordata,Aves,Charadriiformes,Laridae,species,"Linnaeus, 1758",Lesser Black-backed Gull,ICZN
703:20130531151225,Event,en,http://creativecommons.org/publicdomain/zero/1.0/,INBO,http://www.inbo.be/en/norms-for-data-use,http://doi.org/10.15468/02omly,INBO,Bird tracking - GPS tracking of Lesser Black-backed Gulls and Herring Gulls breeding at the southern North Sea coast,INBO,MachineObservation,see metadata,"{""device_info_serial"":703}",male,adult,L904812,Kees,doi:10.1007/s10336-012-0908-1,"{""secondsSinceLastOccurrence"":306}",2013-05-31T15:12:25Z,0,23,51.3428099,3.1853254,WGS84,27,GPS,unverified,Larus fuscus,Animalia,Chordata,Aves,Charadriiformes,Laridae,species,"Linnaeus, 1758",Lesser Black-backed Gull,ICZN
703:20130531151940,Event,en,http://creativecommons.org/publicdomain/zero/1.0/,INBO,http://www.inbo.be/en/norms-for-data-use,http://doi.org/10.15468/02omly,INBO,Bird tracking - GPS tracking of Lesser Black-backed Gulls and Herring Gulls breeding at the southern North Sea coast,INBO,MachineObservation,see metadata,"{""device_info_serial"":703}",male,adult,L904812,Kees,doi:10.1007/s10336-012-0908-1,"{""secondsSinceLastOccurrence"":435}",2013-05-31T15:19:40Z,0,85,51.3425256,3.1854383,WGS84,30,GPS,unverified,Larus fuscus,Animalia,Chordata,Aves,Charadriiformes,Laridae,species,"Linnaeus, 1758",Lesser Black-backed Gull,ICZN
703:20130531152427,Event,en,http://creativecommons.org/publicdomain/zero/1.0/,INBO,http://www.inbo.be/en/norms-for-data-use,http://doi.org/10.15468/02omly,INBO,Bird tracking - GPS tracking of Lesser Black-backed Gulls and Herring Gulls breeding at the southern North Sea coast,INBO,MachineObservation,see metadata,"{""device_info_serial"":703}",male,adult,L904812,Kees,doi:10.1007/s10336-012-0908-1,"{""secondsSinceLastOccurrence"":287}",2013-05-31T15:24:27Z,0,25,51.3426384,3.1852773,WGS84,42,GPS,unverified,Larus fuscus,Animalia,Chordata,Aves,Charadriiformes,Laridae,species,"Linnaeus, 1758",Lesser Black-backed Gull,ICZN
703:20130531152915,Event,en,http://creativecommons.org/publicdomain/zero/1.0/,INBO,http://www.inbo.be/en/norms-for-data-use,http://doi.org/10.15468/02omly,INBO,Bird tracking - GPS tracking of Lesser Black-backed Gulls and Herring Gulls breeding at the southern North Sea coast,INBO,MachineObservation,see metadata,"{""device_info_serial"":703}",male,adult,L904812,Kees,doi:10.1007/s10336-012-0908-1,"{""secondsSinceLastOccurrence"":288}",2013-05-31T15:29:15Z,0,27,51.3425269,3.1852121,WGS84,35,GPS,unverified,Larus fuscus,Animalia,Chordata,Aves,Charadriiformes,Laridae,species,"Linnaeus, 1758",Lesser Black-backed Gull,ICZN
703:20130531153624,Event,en,http://creativecommons.org/publicdomain/zero/1.0/,INBO,http://www.inbo.be/en/norms-for-data-use,http://doi.org/10.15468/02omly,INBO,Bird tracking - GPS tracking of Lesser Black-backed Gulls and Herring Gulls breeding at the southern North Sea coast,INBO,MachineObservation,see metadata,"{""device_info_serial"":703}",male,adult,L904812,Kees,doi:10.1007/s10336-012-0908-1,"{""secondsSinceLastOccurrence"":429}",2013-05-31T15:36:24Z,0,-115,51.3432744,3.1848446,WGS84,25,GPS,unverified,Larus fuscus,Animalia,Chordata,Aves,Charadriiformes,Laridae,species,"Linnaeus, 1758",Lesser Black-backed Gull,ICZN
703:20130531154128,Event,en,http://creativecommons.org/publicdomain/zero/1.0/,INBO,http://www.inbo.be/en/norms-for-data-use,http://doi.org/10.15468/02omly,INBO,Bird tracking - GPS tracking of Lesser Black-backed Gulls and Herring Gulls breeding at the southern North Sea coast,INBO,MachineObservation,see metadata,"{""device_info_serial"":703}",male,adult,L904812,Kees,doi:10.1007/s10336-012-0908-1,"{""secondsSinceLastOccurrence"":304}",2013-05-31T15:41:28Z,0,30,51.3424245,3.1854836,WGS84,23,GPS,unverified,Larus fuscus,Animalia,Chordata,Aves,Charadriiformes,Laridae,species,"Linnaeus, 1758",Lesser Black-backed Gull,ICZN
