code,name,active,centroid_latitude,centroid_longitude
1010101,Spaarbekken MERKEM,true,50.9882918,2.8301190
1010102,Eendenkooi MERKEM,true,50.9823053,2.8257871
1010103,Vallei Martjesvaart MERKEM,true,50.9541550,2.8433346
1010104,Kanaal van Ieper Knokkebrug - Drie Grachten,true,50.9699218,2.8142067
1010201,Kleiputten STUIVEKENSKERKE,true,51.0734883,2.8318494
1010301,Handzamebroeken ESEN,true,51.0305312,2.9313843
1010501,Spaarbekken NIEUWPOORT,true,51.1338148,2.7742376
1010502,Novus Portus NIEUWPOORT,true,51.1403378,2.7453666
1010503,Noordzee NIEUWPOORT (Lombardsijde),false,51.1645056,2.7363607
1010506,Sluizencomplex NIEUWPOORT,true,51.1348123,2.7564800
1010509,Ijzer brug St.Joris - Spaarbekken,true,51.1307186,2.7904594
1010513,Kreek Nieuwendamme NIEUWPOORT,true,51.1361166,2.7656450
1010515,Ijzermonding / havengeul NIEUWPOORT,true,51.1566326,2.7382540
1010516,Put Florizoone NIEUWPOORT,true,51.1358429,2.7622243
1010518,Lenspolder NIEUWPOORT,true,51.1334936,2.7257673
1010519,Polders Nieuwendamme NIEUWPOORT,true,51.1376186,2.7934327
1010521,Hemmepolder NIEUWPOORT,true,51.1484394,2.7469791
1010522,Polder SINT-JORIS (NIEUWPOORT),true,51.1250480,2.7773328
1010601,Noordzee DE PANNE,false,51.1103614,2.5850119
1010701,Zandput NIEUWKAPELLE,true,50.9930692,2.8022600
1010702,Strand DE PANNE (grens) - KOKSIJDE (bad),true,51.1061509,2.5875781
1010703,Polder Nieuwkapelle,true,50.9968631,2.8096221
1010801,Blankaart WOUMEN,true,50.9840204,2.8598508
1010802,IJzerbroeken MERKEM,true,50.9788835,2.8243952
1010803,Rhillebroeken WOUMEN,true,50.9958564,2.8418923
1010804,Vallei Steenbeek MERKEM,true,50.9732169,2.8580705
1010901,Bezinkingsbekkens suikerfabriek VEURNE,true,51.0688565,2.6772154
1010902,Pistelhoek Veurne,true,51.0634575,2.6509468
1010903,De Moeren Noord VEURNE,true,51.0507349,2.5857976
1010904,De Moeren Zuid VEURNE,true,51.0311741,2.5951392
1010905,De Buitenmoeren Noord VEURNE,true,51.0561263,2.6237890
1010906,De Buitenmoeren Zuid VEURNE,true,51.0305610,2.6252181
1010907,Polder Wulpendamme VEURNE,true,51.0855116,2.6905424
1011001,Drie Vijvers' ADINKERKE,true,51.0743194,2.5630311
1011002,Kanaal VEURNE - ADINKERKE,true,51.0692354,2.6399669
1011004,Weiden Kanaal VEURNE - ADINKERKE,true,51.0713395,2.6214424
1011005,Putten Markey ADINKERKE,true,51.0685751,2.5927124
1011006,Kanaal Adinkerke - Franse grens,true,51.0716737,2.5758222
1011007,Plasje autostrade ADINKERKE,true,51.0657270,2.5883970
1011008,Zandwinning A19 ADINKERKE,true,51.0650587,2.6019191
1011101,Westbroek LO-RENINGE,true,50.9507306,2.7541712
1011201,IJzerbroeken NOORDSCHOTE,true,50.9647426,2.8075327
1011202,IJzerbroeken RENINGE,true,50.9555808,2.7926842
1011203,Vallei Ieperlee NOORDSCHOTE,true,50.9477202,2.8256848
1011204,Vallei Kemmelbeek RENINGE,true,50.9376190,2.8073042
1011205,Weiden Pereboom (LO IJzer) LO-RENINGE,true,50.9751165,2.7845642
1011206,Polder Grote Beverdijk LO-RENINGE,true,50.9683772,2.7562107
1011301,Put BULSKAMP,true,51.0547954,2.6516528
1011302,Polders BULSKAMP,true,51.0489722,2.6583052
1011401,Bethoosterse Broeken DIKSMUIDE (Esen),true,51.0357263,2.8910285
1011402,Handzamebroeken WERKEN,true,51.0239349,2.9589253
1011403,Handzamebroeken HANDZAME,true,51.0237544,2.9856594
1011404,Handzamebroeken BEERST-VLADSLO,true,51.0465607,2.8907310
1011405,Handzamebroeken HANDZAME-KORTEMARK,true,51.0246729,3.0197457
1011406,Handzamebroeken VLADSLO,true,51.0392146,2.9200732
1011501,Koolhofput NIEUWPOORT (Ramskapelle),true,51.1207848,2.7565714
1011502,De Zelte complex I NIEUWPOORT (Ramskapelle),true,51.1201337,2.7264968
1011503,De Zelte complex II NIEUWPOORT,true,51.1111318,2.7400973
1011504,De Zelte complex III OOSTDUINKERKE,true,51.1133024,2.7023529
1011505,Polders Koolhofput Zuid NIEUWPOORT (Ramskapelle),true,51.1183267,2.7544729
1011506,Polders Koolhofput Noord NIEUWPOORT (Ramskapelle),true,51.1223471,2.7618074
1011601,Waleweiden SCHORE-LEKE,true,51.1001414,2.8623867
1011602,Polder SCHORE-MANNEKENSVERE,true,51.1175819,2.8245692
1011702,IJzer Diksmuide - Knokkebrug,true,51.0070967,2.8349051
1011703,IJzer Knokkebrug - Reningebrug,true,50.9683726,2.7952968
1011704,IJzer Reningebrug - Fintele,true,50.9575281,2.7572316
1011802,Ijzer Diksmuide - Tervaetebrug,true,51.0568603,2.8464802
1011803,Ijzer Tervaetebrug - brug St.Joris,true,51.1030362,2.8288303
1012101,Kapelleweiden SINT-PIETERSKAPELLE,true,51.1179918,2.8694825
1012102,Polder SINT-PIETERSKAPELLE,true,51.1305311,2.8456708
1012402,Noordzee OOSTDUINKERKE,false,51.1421610,2.6686686
1012403,Strand KOKSIJDE (bad) - NIEUWPOORT (westerstaketsel),true,51.1383193,2.6749652
1012501,Ijzerbroeken STAVELE,true,50.9477307,2.6860579
1012601,Ijzerbroeken BEVEREN,true,50.9400322,2.6498835
1012701,Vijver ZILLEBEKE,true,50.8375656,2.9100243
1012801,Vijver DIKKEBUS,true,50.8186433,2.8438322
1012901,Vestingen IEPER,true,50.8465587,2.8878516
1012902,Verdronken Weiden IEPER,true,50.8401407,2.8941372
1013001,IJzerbroeken DIKSMUIDE,true,51.0088065,2.8546773
1013002,Beerstblote DIKSMUIDE (Beerst),true,51.0512871,2.8609369
1013003,Polder KEIEM (DIKSMUIDE),true,51.0732877,2.8586397
1014001,Stationsput KORTEMARK,true,51.0265644,3.0502532
1014002,Bonduelle' KORTEMARK,true,51.0250191,3.0352914
1014101,Vallei Poperingevaart ELZENDAMME,true,50.9365645,2.7127241
1014201,IJzerbroeken ROESBRUGGE,true,50.9279619,2.6346709
1014301,Polder KAASKERKE-Noord,true,51.0422024,2.8348647
1014302,Polder Oud-Stuivekenskerke DIKSMUIDE,true,51.0606126,2.8360905
1014303,Polder PERVIJZE,true,51.0644827,2.8110537
1014304,Polder STUIVEKENSKERKE Noord DIKSMUIDE,true,51.0870728,2.8317978
1014305,Polder Schoorbakke,true,51.0960919,2.7945069
1014306,Polder RAMSKAPELLE-MANNEKENSVERE,true,51.1151287,2.7938640
1014401,Polder OOSTKERKE-OUDEKAPELLE,true,51.0332886,2.8044387
1014402,Komgrondengebied LAMPERNISSE,true,51.0229703,2.7718526
1014403,Polder SINT-JACOBSKAPELLE,true,51.0222138,2.8336154
1014501,Polder BOOITSHOEKE,true,51.0867579,2.7510701
1014601,Polder WULPEN,true,51.0976091,2.7159723
1020101,Spuikom OOSTENDE,true,51.2280106,2.9528485
1020102,Kalkaert OOSTENDE,true,51.1952093,2.8597178
1020103,Weiden Vliegveld OOSTENDE,true,51.1974368,2.8755985
1020104,Zoute Kreek en Sluiskreek OOSTENDE,true,51.1960436,2.9420602
1020105,Grote Keignaert OOSTENDE,true,51.1980301,2.9618100
1020106,Maria Hendrika-park OOSTENDE,true,51.2208141,2.9260239
1020107,Zwaanhoek OUDENBURG,true,51.1998200,2.9936195
1020110,Opgespoten terreinen/gipsstort UCB OOSTENDE,true,51.2116586,2.9851775
1020115,Oud Zwaaidok OOSTENDE,true,51.2205583,2.9411029
1020117,Vuurtorendok OOSTENDE,true,51.2370447,2.9328097
1020119,Visserijdok OOSTENDE,true,51.2328152,2.9334042
1020125,Noord-Ede-Kreek OOSTENDE,true,51.2236489,2.9700850
1020127,Havengeul OOSTENDE,true,51.2374206,2.9218297
1020128,Kanaal Oostende-Plassendalebrug,true,51.2174542,2.9724482
1020129,Gouweloze Kreek OOSTENDE,true,51.2021276,2.9390354
1020130,Kleine Keignaert OOSTENDE,true,51.1876565,2.9756983
1020131,Domein Prins Karel OOSTENDE (Raversijde),false,51.2016558,2.8531204
1020133,Leopoldspark OOSTENDE,true,51.2283272,2.9142378
1020135,Kanaal Plassendalebrug - Stalhillebrug,true,51.2038310,3.0428897
1020136,Saspolder (Esso-putten) OOSTENDE,true,51.2182834,2.9817529
1020137,Havengeul/dokken OOSTENDE,true,51.2297052,2.9291701
1020138,Steenbakkerij Keignaert  & Geuzenbos OOSTENDE,true,51.2051690,2.9522236
1020139,Oude Straatkreek,true,51.1928850,2.9550970
1020201,Zwaaidok OOSTENDE,true,51.2136182,2.9944092
1020202,t Pomptje OUDENBURG,true,51.2109870,3.0390193
1020205,Kanaal Plassendale - Nieuwpoort,true,51.1681400,2.8810163
1020206,Vaartzone Rattevallebrug - Kalsijdebrug MIDDELKERKE,true,51.1710763,2.8734505
1020207,Weiden OUDENBURG,true,51.1933178,3.0262074
1020208,Schorreweide OUDENBURG,true,51.2160293,3.0405683
1020302,Kleiputten Snaaskerke GISTEL,true,51.1829204,2.9307611
1020303,Polder SNAASKERKE,true,51.1857921,2.9311267
1020304,Zandwinningsputten SNAASKERKE,true,51.1803287,2.9222646
1020401,Noordzee OOSTENDE - WESTENDE,false,51.2044277,2.8368616
1020402,Strand WESTENDE-OOSTENDE,true,51.2010737,2.8392361
1020602,Autostradeputten GISTEL,true,51.1587324,2.9369138
1020701,Viconjeweiden BREDENE,true,51.2335611,2.9568633
1020703,Weiden BREDENE,true,51.2348311,2.9889690
1020704,Noord Ede Spaarbekken BREDENE,true,51.2226681,2.9766099
1020705,Paelsteenpanne BREDENE,true,51.2579002,2.9855881
1020706,D'Heye BREDENE,true,51.2484924,2.9936119
1020902,Puidebroeken MIDDELKERKE,true,51.1696767,2.8319686
1020903,Rattevalle,true,51.1475142,2.7998523
1021303,Klemskerke Noord KLEMSKERKE,true,51.2517289,3.0356103
1021304,Klemskerke Zuid KLEMSKERKE,true,51.2409444,3.0380606
1021305,Klemskerke Polder KLEMSKERKE,true,51.2366343,3.0208409
1021601,Noordzee OOSTENDE - DE HAAN,false,51.2609501,2.9711624
1021602,Strand OOSTENDE-DE HAAN,true,51.2599356,2.9799430
1021702,Polder ZANDE,true,51.1153927,2.9053902
1021901,Schapeweide MIDDELKERKE,true,51.1716654,2.8087258
1021902,Weiden MIDDELKERKE,true,51.1621291,2.7985553
1021903,Crocodille MIDDELKERKE,true,51.1729047,2.8024959
1021904,Schuddebeurze MIDDELKERKE,true,51.1450387,2.7738765
1022401,Polder WILSKERKE-LEFFINGE,true,51.1829488,2.8641643
1022501,Polder West SLIJPE,true,51.1472258,2.8287715
1022502,Polder Oost SLIJPE,true,51.1570094,2.8819888
1022503,Polder Noord SLIJPE,true,51.1635522,2.8515807
1022504,Polder Snipgate LEFFINGE,true,51.1626213,2.9200460
1022601,Weidecomplex STENE,true,51.1962783,2.9152211
1030101,Hoge Dijken ROKSEM,true,51.1760736,3.0494462
1030104,Stortput ROKSEM,false,51.1569803,3.0384044
1030201,Putten Dujardin KNOKKE-HEIST (+2011),false,51.3296536,3.2822971
1030202,Put Cloedt KNOKKE-HEIST (+2012),false,51.3369753,3.2753542
1030203,Laguna Beach KNOKKE-HEIST,true,51.3355743,3.2557070
1030204,Het Zwin KNOKKE-HEIST,true,51.3625230,3.3598645
1030206,Zegemeer KNOKKE-HEIST,true,51.3453712,3.2807971
1030207,Noordzee ZEEBRUGGE - Nederlandse grens,false,51.3601707,3.2771300
1030208,Dievegat (+ Zilte Weiden) KNOKKE - HEIST DIEVEGAT,true,51.3501465,3.3718216
1030210,Zwinweiden + Kleyne Vlakte KNOKKE-HEIST WEIDEN ZWIN,true,51.3541479,3.3413582
1030212,Kleiputten HEIST,true,51.3288762,3.2313360
1030215,Zwinpark KNOKKE-HEIST,true,51.3593423,3.3477974
1030219,Nieuwe Vrede KNOKKE-HEIST,true,51.3353828,3.3692186
1030221,Zwinpolders KNOKKE-HEIST,true,51.3387132,3.3321745
1030222,Oude Vrede KNOKKE-HEIST,true,51.3314569,3.3566169
1030223,Greveningedijk (+ kreek) KNOKKE-HEIST,true,51.3180582,3.3518946
1030224,Kreek Da Costa KNOKKE-HEIST,true,51.3484483,3.3557173
1030225,Vaartzone HEIST,true,51.3136957,3.2459159
1030226,Strand KNOKKE-HEIST (exclusief Baai van Heist),true,51.3546822,3.2924630
1030305,Legerputje ZEEBRUGGE,true,51.3243706,3.1875096
1030309,Achterhaven ZEEBRUGGE,true,51.3045128,3.2238115
1030319,Westdam ZEEBRUGGE,true,51.3472836,3.1875441
1030320,Oostdam ZEEBRUGGE,true,51.3475302,3.2118877
1030321,Baai van Heist KNOKKE-HEIST,true,51.3448207,3.2301731
1030322,Strand BLANKENBERGE-ZEEBRUGGE,true,51.3267629,3.1544490
1030323,Smientenweiden (Oudemaerspolder) ZEEBRUGGE,true,51.3212541,3.1692081
1030401,Plas St.Pieters BRUGGE,true,51.2315054,3.1936260
1030402,Plas AZ ST.Jan BRUGGE (St.Pieters),true,51.2188531,3.1924980
1030403,Speien ST-PIETERS-MEETKERKE,true,51.2268091,3.1800416
1030501,Blauwe Toren BRUGGE,true,51.2573230,3.1974471
1030503,Ter Doest LISSEWEGE,true,51.2783178,3.2022501
1030505,Eendenkooi LISSEWEGE,true,51.2748753,3.2084748
1030506,Polder LISSEWEGE,true,51.2971463,3.1806625
1030507,Monnikenswerve LISSEWEGE,true,51.2901827,3.2038690
1030508,Weiden Blauwe Toren BRUGGE,true,51.2611675,3.1955384
1030601,Fonteintjes BLANKENBERGE,true,51.3235156,3.1593465
1030602,Haven / Spuikom BLANKENBERGE,true,51.3116183,3.1165760
1030701,Uitkerkse Polder UITKERKE,true,51.2904380,3.1188267
1030803,Poldercomplex DUDZELE,true,51.2662403,3.2398355
1030901,Put Zevekerke LOPPEM,true,51.1591445,3.1690818
1030902,Lac van Loppem LOPPEM,true,51.1618906,3.1878905
1031001,Vijverhof (Boudewijnpark) ST.-MICHIELS (Brugge),true,51.1822888,3.2161942
1031002,Put Novotel ST-MICHIELS,true,51.1877731,3.2077382
1031003,Spoorwegvijver ST.-MICHIELS,true,51.1792932,3.2281387
1031101,Fribona OOSTKAMP,true,51.1480996,3.2235555
1031102,Put Erkegem OOSTKAMP,true,51.1369732,3.2558315
1031103,Spoorwegput OOSTKAMP,true,51.1699467,3.2335498
1031105,Rivierbeek OOSTKAMP,true,51.1329634,3.2407458
1031107,OOSTKAMP LAC ONA,false,51.1673643,3.2254592
1031111,Warandeputten OOSTKAMP,true,51.1573024,3.2476845
1031112,Lijsterbeekvijver OOSTKAMP,true,51.1718399,3.2200611
1031201,Expresswegput ST.-ANDRIES (Brugge),true,51.2112737,3.1888880
1031202,Koude Keuken ST.-ANDRIES (Brugge),true,51.2044513,3.1812160
1031203,Duvelsgat ST.-ANDRIES (Brugge),true,51.1653535,3.1434876
1031207,Bloemendaele SINT-ANDRIES,true,51.2118431,3.1698673
1031303,Afleidingskanalen Heist-Zelzatebruggen ZEEBRUGGE,true,51.3137300,3.2414376
1031310,Afleidingskanalen Syphons - Moerkerke,true,51.2514348,3.3437682
1031311,Afleidingskanalen Zelzatebrug - Broekebrug,true,51.2866679,3.2713637
1031312,Afleidingskanalen Broekebrug - Syphons,true,51.2711423,3.2888572
1031401,Kleiputten St.Donaas HOEKE,true,51.3041024,3.3577923
1031402,Kleiputten Steenbakkerij HOEKE,true,51.2894043,3.3461034
1031403,Zwarte Sluispolder HOEKE,true,51.3083338,3.3399693
1031601,Zandbergput OEDELEM,true,51.1920163,3.3396387
1031701,Put VLISSEGEM,true,51.2608405,3.0644690
1031703,Poldercomplex VLISSEGEM,true,51.2532803,3.0612345
1031704,Bunkerweiden VLISSEGEM,true,51.2453566,3.0528674
1031801,Vestingen BRUGGE,true,51.2061236,3.2190671
1032001,Zeekanaal BRUGGE-ZEEBRUGGE,true,51.2739935,3.2110656
1032402,Van Haelewijn BEERNEM,true,51.1439813,3.3503855
1032404,Zandwinning/Kijkuit BEERNEM,true,51.1298417,3.3539060
1032405,Drie Koningen BEERNEM,true,51.1257720,3.2819342
1032408,Miseriebocht BEERNEM,true,51.1286957,3.3540066
1032409,Bloemendaele BEERNEM,true,51.1302154,3.3284532
1032411,Gentse Vaart St.Joris tot Beernem,true,51.1313635,3.3539825
1032412,Gentse Vaart Beernem tot Moerbrugge,true,51.1458343,3.2988678
1032413,Bulskampveld BEERNEM,true,51.1126055,3.2965957
1032414,Gentse Vaart Moerbrugge-Steenbrugge,true,51.1698257,3.2468089
1032415,Gentse Vaart Brugge-Steenbrugge,true,51.2082714,3.2303490
1032503,Polderwind ZUIENKERKE,true,51.2612547,3.1810836
1032505,Polder Zuienkerke West ZUIENKERKE,true,51.2632534,3.1261702
1032506,Polder Zuienkerke Oost ZUIENKERKE,true,51.2583570,3.1653819
1033001,Weiden STALHILLE (Nieuwege),true,51.2110122,3.0924277
1033002,Oostendse Vaart Nieuwege - Stalhille,true,51.2055508,3.1044169
1033003,Weiden Vijfwege STALHILLE,true,51.2264231,3.0557151
1033004,Schobbejak STfALHILLE,true,51.2056781,3.0761645
1033005,Oostendse Vaart Scheepsdaele-Nieuwege,true,51.2145278,3.1685321
1033006,Weiden jagersput STALHILLE,true,51.1984631,3.0663923
1033007,Weiden STALHILLE,true,51.2082985,3.0643443
1033101,Weiden DAMME,false,51.2524191,3.2657497
1033107,Putje Maleveld DAMME,true,51.2196239,3.3103766
1033108,Poldercomplex Damme Noord (Rombautswerve) DAMME,true,51.2652464,3.2814214
1033109,Stadswallen DAMME,true,51.2510143,3.2810086
1033110,Poldercomplex Damme West DAMME,true,51.2699142,3.2667144
1033111,Poldercomplex Damme Oost (Konduitput) DAMME,true,51.2484497,3.3084692
1033113,Bonemput DAMME,true,51.2450475,3.2892478
1033114,Poldercomplex Vlienderhaag (MOERKERKE),true,51.2749932,3.3264672
1033115,Poldercomplex Damme Zuid (Pijpeweg) DAMME,true,51.2369425,3.2793786
1033302,Put MEETKERKE,true,51.2258755,3.1585195
1033303,Lage Moeren MEETKERKE,true,51.2222402,3.1480561
1033307,Eendenkooi MEETKERKE,true,51.2180311,3.1427459
1033308,Hoge Moere MEETKERKE,true,51.2364876,3.1529342
1033401,Poldercomplex OOSTKERKE,true,51.2921942,3.3005974
1033406,Kleiputten OOSTKERKE,true,51.2895227,3.3101255
1033407,Put Bekaert OOSTKERKE,true,51.2890351,3.3159408
1033701,Lapscheuregat LAPSCHEURE,true,51.3021287,3.3702410
1033702,Flettersdam (Platte Kreek) LAPSCHEURE,true,51.2823591,3.3549041
1033703,Kaleshoek LAPSCHEURE,true,51.2812129,3.3648394
1033705,Kwabettekreek LAPSCHEURE,true,51.2771136,3.3612344
1033706,Polder LAPSCHEURE,true,51.2821682,3.3672218
1033707,Putje Kobus LAPSCHEURE,true,51.3025176,3.3634497
1033708,Damwegplas MIDDELBURG,true,51.2543313,3.3636256
1033802,Rijkswachtpolders JABBEKE,true,51.1927539,3.0498212
1033901,Palingpot STALHILLE,true,51.2242669,3.0263269
1034002,Polders KOOLKERKE,true,51.2448453,3.2531756
1034103,Meibosvijver SIJSELE,true,51.1963613,3.3225315
1034104,Golf SIJSELE,true,51.2161464,3.3407010
1034105,Polder SIJSELE,true,51.2228776,3.3410928
1034301,Kwetshage VARSENARE,true,51.2044407,3.1135870
1034302,Tuingebied SBZ VARSENARE,true,51.1986222,3.1006076
1034501,Put ZERKEGEM,true,51.1597975,3.0710259
1034601,Stationsput EERNEGEM,true,51.1280820,3.0086954
1034602,Meersen EERNEGEM,true,51.1396907,3.0111229
1035001,Damse Vaart Hoeke (brug) - Nederlandse grens,true,51.2995013,3.3545930
1035002,Damse Vaart Syphons - Hoeke (brug),true,51.2810245,3.3175562
1035003,Damse Vaart Brugge - Damme (Syphons),true,51.2418756,3.2663577
1035201,Poldercomplex HOUTAVE,true,51.2246298,3.1030201
1035202,Hoge Moere HOUTAVE,true,51.2394189,3.1270680
1036102,Leopoldkanaal + Schipdonkkanaal MALDEGEM (Leestjensbrug-Strobrug),true,51.2385257,3.4269083
1036502,Doolhofvijver SINT-KRUIS (Brugge),true,51.2050775,3.2803298
1036503,Ryckevelde SINT-KRUIS-BRUGGE,true,51.1964819,3.2952738
1036701,Assebroekse Meersen ASSEBROEK,true,51.1849005,3.2724780
1036801,Put BEKEGEM,true,51.1574336,3.0262342
1037101,Put SNELLEGEM,true,51.1688934,3.1076904
1037401,Noordzee BLANKENBERGE - ZEEBRUGGE,false,51.3391188,3.1549112
1037503,Noordzee DE HAAN - BLANKENBERGE,false,51.3013681,3.0658138
1037504,Strand DE HAAN - BLANKENBERGE,true,51.2965361,3.0657488
1038201,Put ETTELGEM,true,51.1758504,3.0166073
1038301,Rivierbeek MOERBRUGGE,false,51.1586452,3.2569967
1038401,Vloetemveld ZEDELGEM,true,51.1479643,3.1012977
1038501,Kasteel de Maere TORHOUT,true,51.0942939,3.0810053
1038502,Moerenveldput TORHOUT,true,51.0544810,3.0851065
1038503,Fonteinpadput Bos Wijnendale TORHOUT,true,51.0755001,3.0303588
1040203,Geitepark I ROESELARE,true,50.9508762,3.1154500
1040204,Geitepark II ROESELARE,true,50.9478869,3.1174172
1040205,Ronde Kom / Kleine Bassin ROESELARE,true,50.9524363,3.1250852
1040401,Kleiputten HOOGLEDE,true,50.9860365,3.0646047
1040601,Kleiputten RUMBEKE,true,50.9186311,3.1365915
1040701,Kanaal Ronde Kom - brug A17,true,50.9423313,3.1542967
1040702,Kanaal brug A17 - brug Emelgem,true,50.9281853,3.1934886
1040703,Kanaal brug Emelgem - brug Ingelmunster,true,50.9198581,3.2345556
1040704,Kanaal brug Ingelmunster - brug Oostrozebeke,true,50.9121846,3.2886476
1040705,Kanaal brug Oostrozebeke - sas Ooigem,true,50.9028868,3.3355299
1040801,Provinciaal Domein 't Veld ARDOOIE,true,50.9611073,3.2317445
1040802,Vijver Ardovries ARDOOIE,true,50.9570764,3.2190295
1060201,Bergelenput GULLEGEM,true,50.8408030,3.1871028
1060301,De Gavers HARELBEKE,true,50.8425827,3.3287640
1061702,Sas D'Hooie St.-BAAFS-VIJVE,true,50.9175243,3.4240007
1061802,Zavelput WAKKEN,true,50.9270426,3.4149181
1061803,Mandelkreek WAKKEN,true,50.9297176,3.3911790
1067701,Waterspaarbekken Kulak KORTRIJK,false,50.8252574,3.2846609
2050101,Zwaneplas ZEVERGEM,true,50.9932413,3.6899045
2050103,Ham ZEVERGEM,true,50.9773090,3.7032748
2050104,Forelputten ZEVERGEM,true,50.9590378,3.6803367
2050107,Schelde ZEVERGEM,true,50.9667355,3.6946900
2050108,Bruwe ZEVERGEM,true,50.9654458,3.6895311
2050110,Krommenhoek ZEVERGEM,true,50.9739765,3.7002484
2050114,Oudmeers ZEVERGEM,true,50.9669174,3.6753946
2050115,De Piere ZEVERGEM,true,50.9620959,3.6867628
2050118,Bomput ZEVERGEM,true,50.9714424,3.6913319
2050123,Zonneputje ZEVERGEM,true,50.9939976,3.7218233
2050124,Spanjaard ZEVERGEM,true,50.9801754,3.7084452
2050125,Doornhammeke ZEVERGEM,true,50.9664884,3.6872757
2050201,Skiput DE PINTE,true,50.9837825,3.6592839
2050301,Watersportbaan GENT,true,51.0493026,3.6909764
2050309,Blaarmeersen GENT,true,51.0429381,3.6862945
2050401,Bourgoyen-Ossemeersen DRONGEN,true,51.0619852,3.6739353
2050404,Leeuwenhof (= Hof ter Beke) DRONGEN,true,51.0670385,3.6562709
2050406,Keuzemeersen DRONGEN,true,51.0305855,3.6421468
2050407,Hoge Laken DRONGEN,true,51.0421010,3.6558656
2050408,Assels DRONGEN,true,51.0406813,3.6728159
2050502,Stuw Schelde ZWIJNAARDE,true,51.0088300,3.7471383
2050804,Meersen Damvallei DESTELBERGEN,true,51.0503138,3.8290885
2050805,Damvalleimeer DESTELBERGEN,true,51.0518114,3.8064997
2050807,Scheldemeer DESTELBERGEN,true,51.0498262,3.7877023
2050808,Damslootmeer DESTELBERGEN,true,51.0448771,3.8088658
2050809,Oude Surfput DESTELBERGEN (Lochristi),true,51.0788014,3.8256288
2050810,Tijgebonden Oude Schelde Gent - monding Ringvaart,true,51.0363984,3.7806553
2050816,Kalverbos HEUSDEN,true,51.0102663,3.8000201
2051001,Spaarbekkens KLUIZEN,true,51.1536870,3.7071016
2051102,Oude Kanaalarm (Houtdok) LANGERBRUGGE,true,51.1101030,3.7366036
2051109,Opgespoten terrein (96/97) LANGERBRUGGE,true,51.1160786,3.7344942
2051201,Leopoldskanaal/polders WATERVLIET-BOEKHOUTE,true,51.2685615,3.6692457
2051204,Vliet BOEKHOUTE,true,51.2479447,3.7177159
2051309,Krekengebied ASSENEDE,true,51.2491686,3.7598638
2051401,Provinciaal Domein WACHTEBEKE,true,51.1481269,3.8827245
2051404,Sint-Elooiskreek WACHTEBEKE,true,51.2140413,3.8778461
2051405,Grote Kreek WACHTEBEKE / MOERBEKE,true,51.2101808,3.9265930
2051406,Zoute Kreek WACHTEBEKE,true,51.2048026,3.9108777
2051501,Fabelta ZWIJNAARDE,true,51.0047909,3.7386714
2051504,Tijarm (tot ringvaart) ZWIJNAARDE,true,51.0012257,3.7344568
2051506,Schelde ZWIJNAARDE,true,50.9929869,3.7212441
2051507,Meersbloem ZEVERGEM,true,50.9865940,3.7163396
2051508,Rijvisschestraat ZWIJNAARDE,true,51.0109413,3.6866259
2051601,Liedermeerspark MERELBEKE,true,51.0157471,3.7454381
2051801,Kraenepoel AALTER,true,51.0761530,3.4806924
2052002,Durmen (Schipdonkkanaal tot Hansbekebrug) MERENDREE,true,51.0823485,3.5644532
2052005,Loplas (= Zandwinning Lovendegembrug) LOVENDEGEM,true,51.0911137,3.5961857
2052006,Schipdonkplas (= Zandwinning Schipdonkbrug) MERENDREE,true,51.0988818,3.5593267
2052007,Schipdonkkanaal Hansbekebrug-brug Nevele,true,51.0546291,3.5655054
2052008,Schipdonkkanaal Nevele brug - Deinze brug,true,51.0099487,3.5409992
2052009,Brugse Vaart Aalterbrug - Bellembrug,true,51.1060706,3.4650542
2052010,Brugse Vaart Bellembrug - Durmen,true,51.0933888,3.5310852
2052011,Brugse Vaart Durmen - Lovendegembrug,true,51.0934781,3.5794972
2052012,Brugse Vaart Lovendegembrug - ringvaart,true,51.0911853,3.6324376
2052013,Durmenplas (= Zandwinning Durmenbrug) Merendree Put) MERENDREE,true,51.0924544,3.5740128
2052101,Gentbrugse Meersen GENTBRUGGE,true,51.0410959,3.7837980
2052102,Zandafgraving Heusdenbrug MELLE,true,51.0243173,3.7857275
2052103,Visvijvers MELLE,true,50.9931646,3.8055910
2052201,Ringvaart + OT BELZELE,true,51.0971260,3.6902042
2052304,Durmmeersen (vroegere Bergona) VINDERHOUTE,true,51.0877595,3.6527444
2052305,Zuurhoek + Molenmeers VINDERHOUTE,true,51.0883564,3.6220765
2052401,Sidmar I ST.-KRUIS-WINKEL,true,51.1613433,3.8130743
2052402,Sidmar II ST.-KRUIS-WINKEL,true,51.1538803,3.8052000
2052501,Oud Vliegveld LOCHRISTI,true,51.0977252,3.7994787
2053002,Rodenhuizedok TERDONK,true,51.1462102,3.7901350
2053004,"Blusput + Desteldonk Noord (vroeger opgespoten terrein, 96/97) RODENHUIZE",true,51.1280116,3.7987066
2053302,Zandput Grote Belderik BEERVELDE,true,51.0624897,3.8513893
2053303,Put Lobos BEERVELDE,true,51.0815057,3.8449804
2053701,Krekengebied ST.-LAUREINS-ST.-JAN-IN-EREMO,true,51.2748924,3.5680443
2053801,Petroleumdok OOSTAKKER,true,51.1142508,3.7563896
2053901,Kuhlman (Callemansputten) ZELZATE,true,51.1884334,3.7858326
2054501,Iobes KERKBRUGGE,true,51.1248318,3.7463292
2054701,Moervaart MENDONK (Gent),true,51.1415483,3.8049297
2054801,Suikerfabriek MOERBEKE,true,51.1656170,3.9360256
2054901,Pereboomsgat MOERBEKE,true,51.2135969,3.9573017
2055201,Kanaal Gent-Terneuzen GENT - ZELZATE,true,51.1267630,3.7633700
2055301,Kluizendokken (= vroegere Geuzenhoek) DOORNZELE,true,51.1542677,3.7751431
2055401,Mortelput KNESSELARE,true,51.1225675,3.4214967
2055402,Brugse Vaart Sint-Joris - Aalterbrug KNESSELARE,true,51.1119844,3.4057474
2055501,Schelderodeput SCHELDERODE,true,50.9791893,3.7131899
2055502,St.Elooisput SCHELDERODE,true,50.9848634,3.7194174
2055601,De Reymeren MERELBEKE,true,50.9815446,3.7187528
2055701,Skiput LOTENHULLE,true,51.0601175,3.4709945
2055801,Schelde Brug Melle - ringvaart tot Sluizen Gent,true,51.0064976,3.7792948
2055901,Westerplas SINT-MARTENS-LATEM,true,50.9997886,3.6254193
2060102,Tweeling EKE,true,50.9684012,3.6486032
2060105,Natuurreservaat Scheldekant EKE,true,50.9595716,3.6547510
2060110,Schelde EKE,true,50.9551371,3.6682996
2060402,Hazeheet KRUISHOUTEM,true,50.9202026,3.4941778
2060406,Kasteelvijver KRUISHOUTEM,true,50.9089255,3.5362519
2060501,Souverein DEINZE,true,50.9564746,3.5329254
2060502,Noorderwal DEINZE,true,50.9814378,3.5161410
2060505,Vosselareput DEINZE,true,50.9957407,3.5568127
2060509,Brielmeersen DEINZE,true,50.9792383,3.5208874
2060601,Kallemoeie NAZARETH,true,50.9519275,3.5481479
2060602,Prijkels Zuid NAZARETH,true,50.9541715,3.5639109
2060603,Prijkels Noord NAZARETH,true,50.9571845,3.5642592
2060604,De Biezen NAZARETH,true,50.9757807,3.5989028
2060605,Dragonder NAZARETH,true,50.9481891,3.5873957
2060607,Lulhoek KRUISHOUTEM (=Leemputten),true,50.9456873,3.5309257
2060701,Scheldemeersen SEMMERZAKE-EKE,true,50.9460788,3.6548012
2060901,Weiput ZINGEM,true,50.8899394,3.6650203
2060905,Meersen + Coupure ZINGEM,true,50.9025780,3.6704495
2060906,Moorteleput ZINGEM,true,50.8876876,3.6555824
2060907,Grootmeers ZINGEM,true,50.9016400,3.6782881
2060908,Kleinmeers ZINGEM,true,50.9096890,3.6751379
2060909,Moeras Vindevogel ZINGEM,true,50.9093604,3.6818406
2060910,Spettekraai ZINGEM,true,50.8929809,3.6744033
2060911,Mesure ZINGEM,true,50.9018373,3.6833647
2061002,Oude Schelde WELDEN,true,50.8848867,3.6519008
2061003,Reytmeersen WELDEN,true,50.8796507,3.6416928
2061004,Oude Schelde NEDERENAME,true,50.8622955,3.6293993
2061005,Put Vandemoortele NEDERENAME,true,50.8608977,3.6293500
2061006,Scheldemeersen NEDERENAME,true,50.8646639,3.6302280
2061103,Dal HEURNE,true,50.8818251,3.6326192
2061201,Langemeersen WORTEGEM-PETEGEM,true,50.8291939,3.5767845
2061202,Donkvijver OUDENAARDE,true,50.8434622,3.5886490
2061204,Ohio-Vijver OUDENAARDE,true,50.8687910,3.6304132
2061205,Nieuwe Vijver OUDENAARDE,true,50.8614225,3.6198573
2061206,Waterspaarbekken OUDENAARDE,true,50.8380978,3.5961194
2061207,Vestingen OUDENAARDE,true,50.8440689,3.5993760
2061208,Opgespoten terrein OUDENAARDE,true,50.8377219,3.5906617
2061209,Oude Schelde 't Veer OUDENAARDE,true,50.8190145,3.5718559
2061301,Scheldemeersen BERCHEM-MELDEN,true,50.8147864,3.5535301
2061501,Centrale KLUISBERGEN (RUIEN),true,50.7878184,3.4963376
2062101,Pereboomplassen OLSENE,true,50.9503327,3.4541586
2062106,Kasteelvijver OLSENE,true,50.9394544,3.4727700
2062202,Oude Leie GOTTEM,true,50.9573445,3.4581598
2062601,Ooidonck BACHTE-MARIA-LEERNE,true,51.0018248,3.5841841
2062603,Ooidonkweiden + Leie DEURLE,true,50.9994734,3.5911356
2062701,Kasteelvijver HUISE-LOZERE,true,50.9160374,3.5641386
2062901,Kasteelvijver NOKERE,true,50.8805800,3.4993272
2063003,Kasteelvijver WANNEGEM-LEDE,true,50.8884490,3.5592220
2063103,Lebeekvijver EINE (= containerpark),true,50.8618032,3.6235742
2063104,Zevenputten EINE,true,50.8572980,3.6218370
2063302,Machelenput MACHELEN,true,50.9593219,3.4816035
2063401,Scheldemeersen EINE,true,50.8698108,3.6255647
2063601,Oude Leie BAVIKHOVE,false,50.8810813,3.3303299
2063704,Sas OOIGEM,true,50.8935348,3.3440701
2064201,Oude Leie GRAMMENE,true,50.9790402,3.4914568
2064301,Leie KORTRIJK - MENEN,true,50.8050558,3.1895890
2064401,Leie KORTRIJK-OOIGEM,true,50.8612052,3.3076778
2064402,Leie Ooigem - Sint-Elooisvijve (sas),true,50.9020551,3.3786196
2064601,Kanaal KORTRIJK - BOSSUIT,true,50.7974980,3.3590640
2064902,Bovenschelde KERKHOVE - AVELGEM (Rugge),true,50.7861859,3.4899532
2064903,Bovenschelde AVELGEM (Rugge) - SPIERE,true,50.7418779,3.4115222
2065702,Populierenhof DESSELGEM,true,50.8896329,3.3710875
2065703,Heuvelhoek OESELGEM,true,50.9429138,3.4350224
2065706,Neerhoek OESELGEM,true,50.9327471,3.4509482
2065707,Oude Leie/Mandel OESELGEM,true,50.9324524,3.4314643
2065802,Oude Scheldearmen (Lange End) ELSEGEM,true,50.8167644,3.5468694
2065803,Golf ELSEGEM,true,50.8231062,3.5538621
2065804,Domein De Ghellinck ELSEGEM,true,50.8140814,3.5385417
2066501,Bolveerput SEMMERZAKE,true,50.9544135,3.6597584
2066502,Kriephoek SEMMERZAKE,true,50.9525937,3.6685918
2066601,Bovenschelde EKE - GAVERE,true,50.9431625,3.6502146
2066602,Bovenschelde GAVERE - ZINGEM,true,50.9127797,3.6730829
2066606,Bovenschelde ZINGEM-HEURNE,true,50.8879639,3.6615224
2066607,Bovenschelde HEURNE-EINE,true,50.8784083,3.6326468
2066608,Bovenschelde EINE-ENAME,true,50.8647582,3.6270970
2066609,Bovenschelde ENAME-OUDENAARDE,true,50.8509368,3.6198435
2066610,Bovenschelde OUDENAARDE-MELDEN,true,50.8289193,3.5848441
2066611,Bovenschelde MELDEN-BERCHEM,true,50.8065085,3.5307770
2066901,Zavelput BEVEREN-LEIE,true,50.8770432,3.3302722
2067001,Peracker WAREGEM,true,50.8747007,3.4027889
2067101,Biezenveld LAUWE,false,50.8015649,3.2024667
2067201,Moderna (Paddenbroek) KLUISBERGEN,true,50.7870358,3.5194011
2067202,Oude Schelde Meerse KLUISBERGEN,true,50.8053897,3.5306868
2067301,Oude Schelde MEILEGEM,true,50.9034253,3.6881064
2067303,Schijteput KLUISBERGEN,true,50.8047954,3.5246432
2067401,Spaarbekken MULLEM,true,50.8955918,3.5974707
2067402,Bekevijver MULLEM,true,50.8975312,3.6142071
2067501,Leyhoek ASTENE,true,50.9956505,3.5671318
2067601,Blarewater NEDERZWALM,true,50.8917992,3.6799778
2067701,Leie Noorderwal Deinze - brug Machelen,true,50.9721717,3.4939023
2067702,Leie brug Machelen - brug Olsene,true,50.9550787,3.4644477
2067703,Leie brug Olsene - brug Oeselgem,true,50.9365156,3.4449742
2070101,Eendenmeer en zeilplas HEUSDEN,true,51.0172948,3.8172842
2070105,Ontpoldering Heusdenbrug (vroeger Driehoekig Plasje) HEUSDEN,true,51.0263519,3.7897727
2070301,Kalkense Meersen KALKEN,true,51.0254170,3.9236479
2070402,Bergenmeersen WICHELEN,true,51.0175474,3.9667605
2070603,d' Heide WETTEREN,true,50.9862300,3.9089198
2071101,Schelde Kerk Kwatrecht - Brug Melle,true,51.0008897,3.8139215
2071102,Schelde Grote Sluis - Kerk Kwatrecht,true,50.9958609,3.8451125
2071103,Schelde Brug Wetteren - Grote Sluis,true,51.0036193,3.8657883
2071104,Schelde Sluis Oude Schelde - Brug Wetteren,true,51.0113670,3.8942578
2071105,Schelde Veer Schellebelle - Sluis Oude Schelde,true,51.0161132,3.9214453
2071106,Schelde Brug Uitbergen - Veer Schellebelle,true,51.0087302,3.9455842
2080101,Molsbroek LOKEREN,true,51.1014887,4.0144492
2080301,E3-Put WAASMUNSTER,true,51.1119603,4.0604556
2080302,Ten Reyen WAASMUNSTER,true,51.1043160,4.0600638
2080304,Hamputten WAASMUNSTER,true,51.1001501,4.0276282
2080305,Kasteel Blauwendael WAASMUNSTER,true,51.1081023,4.0819669
2080601,Tielrodebroek TIELRODE,true,51.1102478,4.1849584
2080603,Kleiputten Hofstraat TEMSE,true,51.1200197,4.1700596
2080604,Waesmeer TEMSE,true,51.1223002,4.1895399
2080605,Durme monding - Mira-brug TIELRODE,true,51.1079196,4.1647499
2080606,Wachtbekken TEMSE,true,51.1332848,4.2195078
2080802,Kruibeekse Kreek KRUIBEKE,true,51.1565500,4.3160558
2080803,Rupelmondse Kreek RUPELMONDE,true,51.1329302,4.3065313
2080806,Polder BAZEL-KRUIBEKE-RUPELMONDE,true,51.1504620,4.3174648
2080807,GOG-GGG Kruibeekse Polder,true,51.1644445,4.3187429
2080808,GOG-GGG Bazelse Polder Noord,true,51.1497784,4.3185371
2080809,GOG Bazelse Polder Zuid,true,51.1377750,4.3150243
2080901,Saleghem-kreek MEERDONK,true,51.2411655,4.1391090
2081103,Grote Geul KIELDRECHT,true,51.2820892,4.1679319
2081601,De Ster ST.-NIKLAAS,true,51.1720443,4.1928663
2081602,Fabiola-park ? ST.-NIKLAAS,true,51.1563965,4.1592097
2081603,Scheerders van Kerckhove's ST.-NIKLAAS,true,51.1616964,4.1207942
2081604,Heimolen SINT-NIKLAAS,true,51.1319337,4.1387324
2081701,Scheldebroeken ZELE-BERLARE,true,51.0216349,4.0295742
2081802,Bazelse Kreek KRUIBEKE,true,51.1534443,4.3116801
2081901,Het Gelaag STEKENE,true,51.2020771,4.0526826
2082201,Fort HAASDONK,true,51.1725145,4.2281086
2082301,Kleiputten STEENDORP,true,51.1275415,4.2706630
2090301,Wijmeers UITBERGEN,true,51.0108226,3.9475972
2090302,Heisbroek UITBERGEN,true,51.0163693,3.9419383
2090402,Donkmeer BERLARE,true,51.0388476,3.9754320
2090403,Broek BERLARE,true,51.0361033,3.9994997
2090408,Paardenweide en -broek BERLARE-WICHELEN,true,51.0084731,3.9890931
2090502,Park Osbroek AALST,true,50.9246354,4.0422363
2090503,Gerstjes AALST,true,50.9260875,4.0593329
2090504,Park zwembad (Bergemeersen) AALST,true,50.9347927,4.0586646
2090505,Park Ter Linden AALST,true,50.9425363,4.0147831
2090701,Wellemeersen DENDERLEEUW,true,50.9035851,4.0664994
2090801,Broek GREMBERGEN,true,51.0528660,4.1259716
2090901,Wallen DENDERMONDE,true,51.0272856,4.0969556
2090902,St.Onolfspolder DENDERMONDE,true,51.0400507,4.0864540
2091004,Nieuwdonk BERLARE,true,51.0342339,3.9745987
2091005,Verrebroek OVERMERE,true,51.0338678,3.9594430
2091006,Turfput OVERMERE,true,51.0513783,3.9891094
2091301,Oude Durme + Durme HAMME,true,51.1026995,4.1098008
2091302,Lippensbroek HAMME,true,51.0852676,4.1718951
2091601,Schelde Slikplaat - Brug Uitbergen,true,51.0177059,3.9615409
2091602,Schelde Kerk Wichelen - Slikplaat,true,51.0150159,3.9720916
2091603,Schelde Brug Schoonaarde - Kerk Wichelen,true,51.0044370,3.9941783
2091604,Schelde Brede Schoren - Brug Schoonaarde,true,51.0136112,4.0295314
2091605,Schelde Veer Appels - Brede Schoren,true,51.0254933,4.0411811
2091606,Schelde 2 sluizen - Veer Appels,true,51.0355351,4.0426838
2091607,Schelde Zandkaai - 2 sluizen,true,51.0452887,4.0521462
2091608,Schelde inham - Zandkaai,true,51.0498105,4.0689561
2091609,Schelde Dendersluis - inham,true,51.0482153,4.0837749
2091610,Schelde ponton Dendermonde - Dendersluis,true,51.0384662,4.0975691
2091611,Schelde brug Vlassenbroek - ponton Dendermonde,true,51.0385849,4.1156362
2091612,Schelde Ter Killen - brug Vlassenbroek,true,51.0486783,4.1289995
2091613,Schelde Einde Cramp - Haventje Ter Killen,true,51.0570355,4.1455825
2091614,Schelde Veer Baasrode - Einde Cramp,true,51.0474575,4.1578329
2091701,Honegem ERPE,true,50.9528017,4.0061429
2091801,Dender OUDEGEM (Denderbelle-sas - Dendermonde Scoutsplein),true,51.0256651,4.0761369
2091802,Dender GIJZEGEM (Aalst Wiezebrug - Denderbelle sas),true,50.9912966,4.0733567
2091803,Dender AALST NOORD (Aalst Zwarte Hoekbrug - Wiezebrug),true,50.9644516,4.0475506
2091804,Dender AALST ZUID (Aalst Zwarte Hoekbrug - Erembodegem brug),true,50.9337289,4.0489400
2091805,Dender EREMBODEGEM (snelwegbrug Welle - Denderbrug Erembodegem),true,50.9154776,4.0645059
2091806,Dender DENDERLEEUW (sas Denderleeuw - sas Liedekerke),true,50.8846234,4.0830589
2091901,Polder VLASSENBROEK,true,51.0471011,4.1428023
2100101,De Gavers GERAARDSBERGEN,true,50.7934879,3.9109944
2100501,Dender monding Mark tot brug Zandbergen,true,50.7796181,3.8989206
2100502,Dender brug Zandbergen tot zuiveringsstation Ninove,true,50.8218174,3.9989414
2100503,Dender zuiveringsstation Ninove tot sas Liedekerke,true,50.8551138,4.0597103
2100601,Mark monding in Dender tot molen Viane,true,50.7438737,3.9052124
2100701,Moenebroek-Moorhof-Vijver van der Schueren SCHENDELBENE/SMEEREBBE,true,50.8063364,3.8860372
2100801,Kasteelvijver VIANE,true,50.7434743,3.9262087
2100810,Parkvijvers GROTENBERGE,true,50.8705562,3.8303835
3120101,Zenne ZEMST(brug Brusselse Steenweg) - HOMBEEK (Eglegemvijver),true,51.0013947,4.4587234
3120102,Zenne EPPEGEM - VILVOORDE,true,50.9472086,4.4388045
3120103,Zenne ZEMST (Brusselse Steenweg) - WEERDE,true,50.9769071,4.4638620
3120104,Zenne WEERDE - EPPEGEM,true,50.9682071,4.4746460
3120301,Leuvense Vaart/Park MECHELEN,true,51.0375816,4.4511077
3120302,Mechels Broek MECHELEN,true,51.0217833,4.5145038
3120602,Blaasveld Broek BLAASVELD,true,51.0596782,4.3927544
3120603,Hazewinkel BLAASVELD,true,51.0674134,4.3890018
3120604,De Bocht HEINDONK,true,51.0746855,4.3856648
3120605,Polder HEINDONK,true,51.0690231,4.4096486
3120701,Hombeek MECHELEN,true,51.0080865,4.4492358
3121001,Zandputten Walem MECHELEN,true,51.0641042,4.4414658
3121003,Dijle Netemonding - Mechelen,true,51.0687768,4.4250521
3121303,Rupel brug Boom - monding Dijle/Nete,true,51.0791784,4.3907572
3121305,Broek De Naeyer WILLEBROEK,true,51.0769671,4.3737563
3121401,Oude Dijle MECHELEN,true,51.0393110,4.4642182
3121402,Montreal MECHELEN,true,51.0462074,4.4852071
3121405,Fort Walem MECHELEN,true,51.0611431,4.4628733
3121411,Den Battelaer MECHELEN,true,51.0501600,4.4317609
3121412,Zenne Zennegat - Hombeekbrug MECHELEN,true,51.0371463,4.4307763
3121501,Zandput Heffen MECHELEN,true,51.0471501,4.4266779
3130101,Netevallei LIER-DUFFEL,true,51.0956499,4.5082560
3130801,Zone Grote - Kleine Nete,true,51.1551423,4.6416641
3130901,Fortengordel LIER-DUFFEL,true,51.1006900,4.5697630
3131001,Stapelterrein Van Hool ITTERBEEK-KONINGSHOOIKT,true,51.0846499,4.6207477
3150101,Kalmthoutse Heide KALMTHOUT,false,51.4013169,4.4295568
3150102,Drielingenven KALMTHOUT,true,51.4071238,4.4298739
3150103,Stappersven KALMTHOUT,true,51.4079035,4.4422297
3150104,Biezenkuilen KALMTHOUT,true,51.4126117,4.4203965
3150105,Putse Moer KALMTHOUT,true,51.3808108,4.4306506
3150106,Nolse Ven KALMTHOUT,true,51.4196693,4.4331336
3150108,De Moerkens KALMTHOUT,true,51.3925686,4.4410512
3150109,Klein Schietveld KALMTHOUT,true,51.3591414,4.4952155
3150201,Militair Domein BRASSCHAAT/BRECHT,true,51.3528226,4.5752464
3150204,Fort BRASSCHAAT,true,51.2868236,4.5301054
3150205,Park De Mik BRASSCHAAT,true,51.3125498,4.5343129
3150206,Park BRASSCHAAT,true,51.2865294,4.4983538
3150502,De Kuifeend OORDEREN,true,51.2995471,4.3452464
3150503,Verlegd Schijn OORDEREN,true,51.2999212,4.3735563
3150504,Vormingsstation OORDEREN,true,51.2963148,4.3665699
3150505,Stadsgracht OORDEREN,true,51.2894866,4.3709820
3150506,Grote Kreek OORDEREN,true,51.2931784,4.3618493
3150702,Ekerse Put EKEREN,true,51.2834606,4.3980160
3150704,Bospolder EKEREN,true,51.2818985,4.3966103
3150802,BASF-terreinen ZANDVLIET,true,51.3494983,4.2866887
3150806,Sluis ZANDVLIET,true,51.3452161,4.2852842
3150807,Polder ZANDVLIET,true,51.3738830,4.3214388
3151001,E10-Plas SCHOTEN,true,51.2988782,4.5405944
3151101,Blokkersdijk ANTWERPEN,true,51.2325298,4.3498049
3151102,Delwaidedok ANTWERPEN,true,51.3259592,4.3272638
3151106,Noordkasteel ANTWERPEN,true,51.2413878,4.3914629
3151109,Galgenweel ANTWERPEN,true,51.2141900,4.3717229
3151110,Burchtse Weel ANTWERPEN,true,51.2091680,4.3587816
3151117,Burchtse Weel - Getijdengebied,true,51.2091929,4.3599408
3151118,Burchtse Weel - Zoet Bufferbekken,true,51.2090939,4.3543252
3151122,Hoge Maey ANTWERPEN,true,51.3102126,4.3531249
3151126,Kanaaldok B1 ANTWERPEN,true,51.2946886,4.3329000
3151127,Kanaaldok B2 ANTWERPEN,true,51.3278870,4.3058146
3151128,Kanaaldok B3 ANTWERPEN,true,51.3541926,4.2928345
3151137,Albertkanaal ANTWERPEN,true,51.2365643,4.4393243
3151138,Amerikadok ANTWERPEN,true,51.2451910,4.3975743
3151139,Schoonselhof ANTWERPEN,true,51.1656214,4.3673629
3151140,Rivierenhof ANTWERPEN,true,51.2149465,4.4697522
3151141,Noordlandbeek ANTWERPEN,true,51.3641498,4.3115186
3151143,Bonaparte-Willemdok ANTWERPEN,true,51.2290799,4.4067492
3151144,Lobroekdok ANTWERPEN,true,51.2321060,4.4358464
3151145,Straatsbrugdok ANTWERPEN,true,51.2415813,4.4164630
3151146,Asiadok ANTWERPEN,true,51.2354028,4.4188119
3151147,Houtdok ANTWERPEN,true,51.2367356,4.4133529
3151148,Stadspark ANTWERPEN,true,51.2120880,4.4144875
3151149,Domein Oude Gracht ANTWERPEN,true,51.3262189,4.4650784
3151150,Nachtegalenpark ANTWERPEN,true,51.1827987,4.4078900
3151152,Kattendijkdok ANTWERPEN,true,51.2361876,4.4066311
3151153,Weel/kreek Fort Filip Antwerpen,true,51.2602792,4.3098518
3151154,Middenvijver ANTWERPEN,true,51.2239943,4.3636564
3151155,Kiels Broek ANTWERPEN,true,51.1957290,4.3681838
3151159,Brilschans BERCHEM,true,51.1902558,4.4290271
3151160,Wolvenberg BERCHEM,true,51.1955074,4.4303571
3151161,Kempisch Dok ANTWERPEN,true,51.2337491,4.4154406
3151162,Boekenbergpark BERCHEM,true,51.1979509,4.4634710
3151301,Hobokense Polder ANTWERPEN,true,51.1899951,4.3469944
3151302,Fort VIII HOBOKEN,true,51.1651291,4.3480262
3151401,Molen / Potpolder LILLO,true,51.3026407,4.2967838
3151403,Galgenschoor (Schelde Lillo-Fort - Containerkaai),true,51.3206846,4.2774492
3151405,Fort LILLO,true,51.3051093,4.2905844
3151502,E-10 Put WUUSTWEZEL,true,51.3765314,4.5950616
3151504,Wezelse Heide WUUSTWEZEL,true,51.4062294,4.5597619
3151505,De Spiegel/kasteelvijver WUUSTWEZEL,true,51.3961606,4.6115899
3151506,Kleine Aa-vallei WUUSTWEZEL,true,51.3967523,4.6230808
3151507,Kleine Beekvallei WUUSTWEZEL,true,51.3766152,4.5695866
3151508,Weilanden Witgoorsebaan WUUSTWEZEL,true,51.3903862,4.5240125
3151601,Spaarbekken BROECHEM,true,51.2003907,4.6076335
3151602,AWW Spaarbekken OELEGEM,true,51.2184811,4.5763560
3151604,Zwaaikom Alberkanaal OELEGEM,true,51.2030560,4.6149590
3151605,De Keer II OELEGEM,true,51.2084264,4.5598860
3151606,Fort van BROECHEM,true,51.1776868,4.6190506
3151607,Fort van OELEGEM,true,51.2248335,4.6145011
3151701,Brechtse Heide BRECHT,true,51.3138271,4.6454059
3151702,De Kooldries BRECHT,true,51.3301927,4.6546834
3151704,De Hees ST-LENAERTS,true,51.3700755,4.7307741
3151705,Rinkven BRECHT,true,51.2828111,4.5797020
3151706,Marmerven BRECHT,true,51.3080937,4.6286123
3151707,Oude Rommersheide BRECHT,true,51.3286153,4.5787718
3151801,Kleiputten RIJKEVORSEL-BRECHT,true,51.3367043,4.7177102
3152401,Drijdyck (voorheen Verrebroekpolder) VERREBROEK,true,51.2705629,4.1963823
3152402,Verrebroekdok VERREBROEK,true,51.2711276,4.2159508
3152404,Verrebroekse Plassen (voorheen Werf Verrebroekdok) VERREBROEK,true,51.2616095,4.2124846
3152405,Ondergelopen polder (Blikken) VERREBROEK,true,51.2593306,4.2076304
3152406,De Putten West VERREBROEK,true,51.2869991,4.2065907
3152407,Spaans Fort VERREBROEK,true,51.2600898,4.1999249
3152702,Prosperpolder DOEL,true,51.3270748,4.2209119
3153003,Melsele Polder (= Groot Rietveld) MELSELE,true,51.2448937,4.2999232
3153008,Melsele Polder (= Rietveld) KALLO,true,51.2462333,4.2798566
3153011,BP-Plassen ZWIJNDRECHT,true,51.2360064,4.3136155
3153012,Bazeput ZWIJNDRECHT,true,51.2581427,4.2917368
3153013,Industriegebied ZWIJNDRECHT,true,51.2395596,4.3237189
3153103,Melkader KALLO,true,51.2550924,4.2731806
3153104,Fort St Marie ZWIJNDRECHT,true,51.2526976,4.2959812
3153106,Steenland Polder KALLO,true,51.2473693,4.2663207
3153107,Steenlandplassen KALLO,true,51.2541233,4.2602218
3153115,Manege-De Vlakte = Deurganckdok (vanaf 2003) KALLO,true,51.2922612,4.2610742
3153121,Zeesluis KALLO,false,51.2638397,4.2778561
3153124,Fort Liefkenshoek KALLO,true,51.2943809,4.2853965
3153128,Moeras Bayer KALLO,true,51.2852265,4.3059100
3153130,Beverse Dijk KALLO,false,51.2513413,4.2658111
3153137,Plas Zeesluis KALLO,true,51.2661754,4.2853068
3153308,"Schelde grens - Kerncentrale Doel (Schor Ouden Doel, Paardeschor)",true,51.3409733,4.2552084
3153312,St. Antoniushoek (Puttenplas) DOEL,true,51.2836084,4.2185181
3153314,Arenbergpolder DOEL,true,51.3028393,4.2072618
3153316,Polders DOEL,true,51.3178778,4.2438557
3153332,Kerncentrale DOEL,false,51.3261726,4.2578189
3153334,De Putten DOEL,true,51.2894599,4.2170711
3153801,Groot Buitenschoor (Schelde Containerkaai - grens),true,51.3643478,4.2364335
3154202,De Keer I - Survija WOMMELGEM,true,51.2202485,4.5228213
3154203,Fort II WOMMELGEM,true,51.2024071,4.4948092
3154204,Plasjes Shoppingcenter WOMMELGEM,true,51.1946053,4.5425982
3154301,Kanaaldok KALLO-DOEL,true,51.2882563,4.2362427
3154501,Schelde-Rijnverbinding ZANDVLIET,true,51.3686086,4.2930020
3154602,De Mosten MEER,true,51.4694573,4.7399176
3154701,E10 Plas MINDERHOUT,true,51.4248830,4.7124923
3154702,Desta MINDERHOUT,true,51.4402439,4.7998178
3154901,Reigersbos BERENDRECHT,true,51.3379796,4.3089904
3156101,Interescaut SCHELLE,true,51.1229564,4.3178340
3156103,Vlietmonding SCHELLE,true,51.1298034,4.3296110
3156201,Walenhoek NIEL,true,51.1050881,4.3418943
3156301,Fort MERKSEM,true,51.2635713,4.4578948
3156501,Klokkeven OOSTMALLE,true,51.3234251,4.7201516
3156601,Schelde Veer Kruibeke - Veer Hemiksem (LO en RO),true,51.1597202,4.3286196
3156602,Schelde Kerk Burcht - Veer Kruibeke (LO en RO),true,51.1881146,4.3332610
3156603,Schelde Kennedytunnel - Kerk Burcht (LO en RO),true,51.2026260,4.3597251
3156604,Schelde Antwerpen (ponton) - Kennedytunnel (LO en RO),true,51.2182353,4.3879641
3156605,Schelde Antwerpen Ponton - St. Anneke Peilpaal (RO en LO),true,51.2382691,4.3850573
3156606,Schelde St. Anneke - Boereschans (RO en LO),true,51.2423130,4.3501490
3156607,Schelde Boereschans - Fort Filip/lichten (RO en LO),true,51.2536835,4.3163722
3156608,Schelde Fort Filip - Van Cauwelaertsluizen (RO en LO),true,51.2711109,4.3086871
3156609,Schelde Van Cauwelaertsluizen - Lillo Fort (RO),true,51.2955168,4.3036024
3156611,Schelde Zandvlietsluis - Groot Buitenschoor,true,51.3502523,4.2614738
3156613,Schelde Kerncentrale - Liefkenshoek (LO),true,51.3106892,4.2704937
3156614,Schelde Liefkenshoek - Van Cauwelaertsluizen (LO),true,51.2901088,4.3061844
3156701,Fort III BORSBEEK,true,51.1856945,4.4808060
3156702,Fort IV MORTSEL,true,51.1732026,4.4606693
3156801,Fort V EDEGEM,true,51.1672939,4.4331554
3156802,Plas Drie Eiken EDEGEM,true,51.1588794,4.4068581
3156901,Fort VI WILRIJK,true,51.1646838,4.4059483
3156902,Fort VII WILRIJK,true,51.1646629,4.3772885
3157001,Put Zoerselbos ZOERSEL,true,51.2460470,4.6902410
3157002,Put Drengel ZOERSEL,true,51.2564734,4.7114157
3157101,Fort STABROEK,true,51.3430835,4.3521927
3157102,Antitankkanaal STABROEK-BERENDRECHT,true,51.3439197,4.3740518
3157104,Opstalvalleigebied zone A STABROEK-BERENDRECHT,true,51.3352240,4.3151258
3157105,Opstalvalleigebied zone B STABROEK-BERENDRECHT,true,51.3415022,4.3345092
3157106,Opstalvalleigebied zone C STABROEK-BERENDRECHT,true,51.3359408,4.3406949
3157107,Meeuwenbroedplaats STABROEK,true,51.3161179,4.3560487
3157201,De Maatjes NIEUWMOER,true,51.4238937,4.5294254
3157301,Ettenhovepolder HOEVENEN,true,51.3111029,4.3760408
3157401,Fort SCHILDE,true,51.2619600,4.5907469
3157402,Antitankkanaal Sint-Job - Fort Schilde,true,51.2796266,4.5691443
3157403,Schildehof SCHILDE,true,51.2225551,4.5703349
3160102,Het Stadspark TURNHOUT,true,51.3101729,4.9470236
3160103,De Melle TURNHOUT,true,51.2959545,4.9687306
3160107,Zwart Water TURNHOUT,true,51.3702130,4.9330697
3160110,Vlasroot-Flaesheide WEELDE,true,51.4280712,5.0032923
3160112,Vennengebied TURNHOUT,true,51.3633619,4.9349367
3160116,Grote Klotteraard TURNHOUT,true,51.3715962,4.9440437
3160121,De Klei TURNHOUT,true,51.3562531,4.9535214
3160122,Karpermeer TURNHOUT,true,51.3536172,4.9674685
3160303,De Mark-meander MEER-MINDERHOUT,true,51.4830159,4.7679880
3160401,Het Blak BEERSE,true,51.3365152,4.8103471
3160405,Witven + Ginnekenshoek BEERSE,true,51.3329047,4.8462820
3160406,De Huffelen BEERSE,true,51.3331672,4.8656693
3160407,Ekstergoor BEERSE,true,51.3194048,4.8047978
3160408,Omgeving 't Blak BEERSE,true,51.3334691,4.8160806
3160501,Dekshoevevijver GEEL,true,51.2068332,5.0231056
3160503,Malesbroek GEEL,true,51.1477578,5.0183375
3160504,Wilders GEEL,true,51.1339879,4.9949636
3160604,E3-Put RETIE,true,51.2920758,5.1127304
3160605,Prinsenpark RETIE,true,51.2281511,5.0382519
3160607,Kievit RETIE,true,51.2237450,5.0258512
3160608,Kattestaartvijver RETIE,true,51.2226563,5.0337705
3160802,Viskweekvijvers Bankei/Wezel BALEN,true,51.2072120,5.2293658
3160803,Griesbroek BALEN,true,51.1464029,5.1353429
3160804,Scheps BALEN,true,51.1503950,5.1814080
3160901,E3-Put ARENDONK,true,51.3002112,5.1307357
3161001,t Goor DESSEL,true,51.2628169,5.1426111
3161004,Campinastrand (Het Goor) DESSEL,true,51.2616933,5.1353368
3161010,De Pinken DESSEL-WITGOOR,true,51.2334343,5.1437422
3161013,Vijvers Vercammen MOL,true,51.2271539,5.0977339
3161203,Snoekbaars OUD-TURNHOUT,true,51.3562370,4.9711461
3161301,Familiestrand MOL-POSTEL,true,51.2775422,5.1612590
3161303,Zwart Kot MOL,true,51.2637387,5.1945084
3161305,Kempisch Kanaal MOL,true,51.2230592,5.1005175
3161306,Warande (Brugplas) MOL,true,51.2244606,5.1221746
3161307,Miramar MOL,true,51.2200297,5.1274239
3161308,Van As MOL,true,51.2265957,5.1355738
3161309,Schansput MOL,true,51.2237350,5.1466196
3161310,Grote Zandput MOL,true,51.2283106,5.1535041
3161311,Plas Leblanc MOL,true,51.2215367,5.1592448
3161312,De Meergoren MOL,true,51.2156451,5.1587696
3161313,Kanaalplas I MOL,true,51.2307904,5.1729685
3161314,Zilvermeer MOL,true,51.2224903,5.1709113
3161316,Stroobants (Maat-vijver) MOL,true,51.2360462,5.2020167
3161317,Put Rauw MOL,true,51.2271701,5.2025202
3161318,Wateringen MOL-POSTEL,true,51.2960132,5.1414808
3161320,Ronde Put MOL-POSTEL,true,51.2872082,5.1632123
3161323,Lagune MOL,true,51.2196572,5.1038733
3161335,De Maat-reservaat MOL,true,51.2352772,5.1932926
3161337,Grote Sprietput MOL,true,51.2434540,5.1981658
3161343,Stortplas MOL,true,51.2261278,5.1789209
3161344,Sas II Mol,true,51.2383191,5.2095783
3161345,Den Diel MOL,true,51.2410790,5.1957057
3161346,Sas IV Mol,true,51.2358532,5.1740143
3161347,Sas II - III Mol,true,51.2389109,5.2022731
3161348,Moeras Sas 6 MOL,true,51.2097195,5.0342676
3161349,Selguis MOL,true,51.1716949,5.0463878
3161350,Scheppelijke Nete MOL,true,51.2037438,5.2012980
3161351,Lange Linne-put MOL-POSTEL,true,51.2904887,5.1504692
3161404,Kleine Nete KASTERLEE,true,51.2374301,5.0025909
3161502,Snepkensvijver LICHTAART,true,51.2005267,4.8741473
3161503,Zwart Water LICHTAART,true,51.2105031,4.8755075
3161504,De Zegge TEN AARD,true,51.1969547,4.9389154
3161601,LOMMEL STEVENSVENNEN,false,51.2299730,5.2246156
3161701,Bootjesven WORTEL,true,51.4112398,4.8312754
3162002,Lilse Bergen/E3 Put/Put Boer Miljoen/Zandwinningsput/De Schrieken GIERLE-VORSELAAR,true,51.2648490,4.8026540
3162003,Grotenhout GIERLE,true,51.2856494,4.8856649
3163001,Aa-Vallei VORSELAAR,true,51.2007425,4.7976816
3163002,Aa-Vallei POEDERLEE-LICHTAART,true,51.2271207,4.8596363
4110102,Borght Ter Tommen GRIMBERGEN,true,50.9309684,4.4051105
4110106,Tommenmolen GRIMBERGEN,true,50.9369670,4.3798042
4110107,Visvijvers Van Stalle GRIMBERGEN,true,50.9368559,4.3687927
4110108,Onweersbekkens Potaarde GRIMBERGEN,true,50.9198953,4.3412956
4110109,Onweersbekkens Boechout GRIMBERGEN,true,50.9133394,4.3408787
4110110,Diegemput GRIMBERGEN,true,50.9540513,4.3892180
4110111,Veldkant GRIMBERGEN,true,50.9407969,4.3867459
4110112,Prinsenbos GRIMBERGEN,true,50.9277696,4.3716276
4110203,Plantentuin MEISE,true,50.9294906,4.3255518
4110204,Dry Toren MEISE,true,50.9310162,4.3379364
4110301,Kasteel Beverbos WEMMEL,true,50.9183923,4.3347744
4110501,Cargovil-Dorent-Nelebroek ZEMST-VILVOORDE,true,50.9519961,4.4386514
4110601,Woluwewachtbekkens VILVOORDE,true,50.9211030,4.4456226
4110603,Kanaal + insteekdok VILVOORDE,true,50.9444231,4.4260341
4110604,Hanssenpark VILVOORDE,true,50.9242192,4.4291548
4110605,Drie Fonteinen VILVOORDE,true,50.9169100,4.4152511
4110606,Tangebeekbos VILVOORDE,true,50.9180531,4.3877358
4110607,Nieuw wachtbekken MACHELEN,true,50.9228038,4.4560142
4110701,Domein de Ribeaucourt PERK,false,50.9317135,4.5083734
4110901,Vogelzang MELSBROEK,true,50.9219396,4.4828566
4111002,De Piereman STROMBEEK,true,50.9136346,4.3622997
4111003,Kasteel Bever STROMBEEK-BEVER,true,50.9156090,4.3359423
4111401,Vergotedok BRUSSEL,true,50.8686823,4.3557280
4111405,Ossegempark LAKEN,true,50.8951776,4.3445247
4111501,Vijvers Balcaen WEMMEL,true,50.9015164,4.3063445
4111502,Kasteel WEMMEL,true,50.9076240,4.3041277
4111607,Vijvers BOSVOORDE,true,50.7911362,4.4091724
4112203,Voorhaven BRUSSEL,true,50.8960875,4.3950631
4112204,Kanaal Marlybrug - Verbrandebrug,true,50.9358093,4.4144466
4112301,Kanaal Brussel-Charleroi ST.PIETERSLEEUW - HALLE,true,50.7508394,4.2532472
4112501,Park TERVUREN,true,50.8267096,4.5294049
4112701,Camping Diepvennen LONDERZEEL,true,51.0217752,4.3174613
4113001,Neromhof WOLVERTEM,true,50.9688213,4.3189176
4113002,Kasteel Impde WOLVERTEM,true,50.9687546,4.3074670
4113003,Schriek WOLVERTEM,true,50.9710763,4.3414922
4113101,Boudewijnpark JETTE,true,50.8837530,4.3263090
4113102,Demuntervijver JETTE,true,50.8877654,4.3160592
4113103,Moeras JETTE-GANSHOREN,true,50.8801620,4.3084700
4113301,Overstromingsbekken Eeksken OPWIJK,true,50.9880666,4.1634387
4113401,Diepensteyn STEENHUFFEL,true,51.0006279,4.2719743
4113402,Beemden STEENHUFFEL,true,50.9863681,4.3067010
4113501,Zaventemse bekken ZAVENTEM,true,50.8779309,4.4607759
4113502,Parkvijver van Mariadal ZAVENTEM,true,50.8801381,4.4760374
4113601,Brucargobekken MACHELEN,true,50.9178904,4.4624166
4113701,Schranshoeve EPPEGEM,true,50.9655428,4.4485987
4113801,Het veroost GANSHOREN,true,50.8786731,4.2987040
4113901,Koninklijk Domein LAKEN,true,50.8845967,4.3651505
4113902,Prins Charles Square LAKEN,true,50.8814315,4.3514779
4113903,Clementine Square LAKEN,true,50.8858372,4.3435550
4113904,Sobiesky park LAKEN,true,50.8859480,4.3448423
4114001,RWZI Teralfene AFFLIGEM,true,50.8878521,4.0931252
4114101,Lijsterbespark MERCHTEM,true,50.9638575,4.2281983
4114201,Ter Pede DILBEEK,true,50.8302652,4.2241185
4114202,Vijver ST MARTENS BODEGEM (DILBEEK),true,50.8553899,4.2178762
4114203,Vijver SCHEPDAAL (DILBEEK),true,50.8405049,4.1794385
4120401,Staatsdomein Hofstade ZEMST,true,50.9873101,4.5096339
4120801,Elewijtvijver (= zandput) ELEWIJT,true,50.9737801,4.5113922
4120901,Zandput Weerde ZEMST,true,50.9788072,4.4828457
4121101,Opspuiting (Bos v/d Aa) ZEMST,true,50.9927011,4.3870252
4121103,Kollintenbos ZEMST,true,50.9940243,4.4002621
4121901,Klein Boom PUTTE,true,51.0521202,4.6105950
4122001,Kanaal Tisselt - Humbeekbrug,true,51.0058475,4.3697339
4122002,Kanaal Humbeekbrug - Verbrandebrug,true,50.9616174,4.4031839
4140101,Vijsvijver Rijksweg Nutricia BORNEM,true,51.1035467,4.2391610
4140102,Oude Schelde Eendekooi + omgeving,true,51.1026867,4.2045100
4140103,Kragewiel BORNEM,true,51.1075184,4.2474488
4140104,Breeven BORNEM,true,51.0887170,4.2396116
4140106,Schelde Notelaer,true,51.1180184,4.2671844
4140110,Wiel aan Temsestwg BORNEM,true,51.1026594,4.2305779
4140202,Noordelijk Eiland BORNEM,true,51.1094393,4.3093792
4140203,Zuidelijk Eiland BORNEM,true,51.1017440,4.3220195
4140205,Rupel monding tot Wintam-sas,true,51.1170229,4.3100457
4140206,Rupel Wintam-sas tot brug Boom,true,51.0953335,4.3396428
4140212,Foutewiel WINTAM,true,51.1168742,4.2976540
4140213,Grote Weel WINTAM,true,51.1191281,4.2940089
4140215,Nieuw Kanaal BORNEM,true,51.1065157,4.3067260
4140501,Schelde Ballooi,true,51.1169915,4.2480272
4141802,Oud Kanaal PUURS-BORNEM,true,51.0902013,4.3398064
4141903,Oude Schelde Weert-sas tot kasteel,true,51.1071550,4.2208028
4141904,Oude Schelde Eendekooi tot einde,true,51.0919440,4.1980607
4142101,Visvijver EIKEVLIET,true,51.0950889,4.3028771
4142302,Zeuthoeve PUURS (weilandgebied),true,51.0773306,4.2559519
4142701,Fort Liezele LIEZELE-PUURS,true,51.0659665,4.2846725
4142801,Fort BREENDONK,true,51.0560377,4.3412428
4142901,Kanaal Willebroek - Rupel,true,51.0708176,4.3653998
4142902,Kanaal Willebroek - Tisselt,true,51.0466528,4.3611274
4143001,Wielen Park HINGENE,true,51.1101249,4.2656125
4143002,Visvijvers Rijksweg Klein-Mechelen HINGENE,true,51.0882192,4.2832330
4143003,Het Moer HINGENE,true,51.0917705,4.2836466
4143101,Schelde veer Baasrode - Oude Briel,true,51.0344522,4.1793932
4143102,Schelde Oude Briel - St. Amands,true,51.0462052,4.1908698
4143103,Schelde St. Amands - Mariekerke,true,51.0585329,4.1954032
4143104,Schelde Mariekerke - Branst,true,51.0675368,4.1869056
4143105,Schelde Branst - Veer Hamme,true,51.0838536,4.1835843
4143106,Schelde Veer Hamme tot Durmemonding,true,51.0964299,4.1749670
4143107,Schelde Durmemonding tot Tielrode (sluis),true,51.1049447,4.1851159
4143108,Schelde Tielrode (sluis) tot brug Temse,true,51.1174154,4.2072975
4143109,Schelde brug Temse tot Notelaer/Ballooi,true,51.1178447,4.2348512
4143110,Schelde Notelaer/Ballooi tot Rupelmonding,true,51.1229619,4.2831891
4143111,Schelde Veer Hemiksem - Rupelmonding (LO en RO),true,51.1334986,4.3224686
4180101,Oud Heverlee Noord OUD-HEVERLEE,true,50.8436624,4.6603076
4180102,Oud Heverlee Zuid OUD-HEVERLEE,true,50.8386310,4.6542181
4180103,t Zoet Water OUD-HEVERLEE,true,50.8230359,4.6599106
4180201,Neerijse Grote Bron HULDENBERG,true,50.8281824,4.6387169
4180202,Neerijse Kliniekvijvers HULDENBERG,true,50.8165978,4.6376592
4180301,Groot Broek St. Agatha-Rode HULDENBERG,true,50.7899741,4.6430286
4180501,Wilsele Noord LEUVEN,true,50.9110141,4.7031848
4180502,Wilsele Zuid LEUVEN,true,50.9058645,4.7027440
4180601,Provinciaal Domein Kessel-Lo LEUVEN,true,50.8941496,4.7223594
4180701,Abdij van 't Park Heverlee LEUVEN,true,50.8632290,4.7191416
4180703,Arenbergpark HEVERLEE,true,50.8622748,4.6839256
4181103,Florival HULDENBERG,true,50.7577575,4.6478605
4181401,Visvijvers Erps-Kwerps KORTENBERG,true,50.8971747,4.5972949
4181501,Kasteelvijver Leefdaal BERTEM,true,50.8510863,4.5955620
4181601,Kasteelpark HULDENBERG,true,50.7863961,4.5739009
4181701,Kanaal Leuven-Mechelen tussen Vaartkom en grens Wijgmaal -Tildonk,true,50.9146456,4.6955064
4181702,Dijle zone 1 (grens Wijgmaal-Rotselaar en ring Leuven (Twee waters),true,50.9140520,4.7073805
4181703,Dijle zone 2 (ring Leuven (Volmolen) tot E40-snelweg),true,50.8565773,4.6723746
4181704,Dijle en weiden zone3 (tussen E40 en brug Korbeek-Dijle),true,50.8442566,4.6553091
4181705,"Dijle, IJse en weiden zone 4 (tussen brug Korbeek-Dijle en brug St.Joris-Weert)",true,50.8161987,4.6415358
4181706,Dijle en Laan zone 5 (van brug St.Joris-Weert tot brug St.Agatha-Rode),true,50.7898370,4.6409684
4181707,Dijle en weiden zone 6 (van brug St.Agatha-Rode tot grens Florival-Archennes,true,50.7692830,4.6430542
4181801,Vijvers IJssevallei OVERIJSE,true,50.7715477,4.5200403
4230101,Vijvers HOEGAARDEN,true,50.7697171,4.8972428
4230103,Mariadal HOEGAARDEN,true,50.7785913,4.8980495
4230104,Ztrud HOEGAARDEN,true,50.7641743,4.8956347
4230105,Schoorbroek Rosdel HOEGAARDEN,true,50.7726090,4.8502286
4230106,Getebeemden HOEGAARDEN,true,50.7809489,4.9065686
4230302,Demeroevers TESTELT,true,51.0047697,4.9462457
4230303,Vierkensbroek TESTELT,true,51.0140577,4.9766591
4230304,Dood Broek TESTELT,true,51.0047552,4.9589611
4230305,Stationsvijver TESTELT,true,51.0105519,4.9440755
4230306,Kuilen TESTELT,true,51.0053333,4.9221767
4230307,Snippenweide TESTELT,true,51.0120546,4.9739627
4230401,Kloosterbeemden ZICHEM,true,51.0059027,4.9751437
4230402,Kraanrijk ZICHEM,true,51.0065692,5.0008173
4230501,Plas ROTSELAAR,true,50.9604715,4.7281470
4230601,Bezinkingsputten TIENEN,true,50.8101333,4.9783507
4230602,Viander TIENEN,true,50.8121639,4.9519346
4230603,Mulk Gete TIENEN,true,50.7898960,4.9216639
4230604,Gete Borggracht TIENEN,true,50.8044042,4.9500194
4230701,Domein Herkenrode WESPELAAR,true,50.9532440,4.6318972
4230801,Vijvers ROOSBEEK,true,50.8402761,4.8697827
4230901,Wallen DIEST,true,50.9852268,5.0635313
4230902,Webbekomsbroek DIEST,true,50.9763169,5.0765515
4230903,Vallei van de Drie Beken,true,51.0371619,5.1158076
4230904,Willebroek Bos,true,51.0336576,5.1217690
4231001,De Beemden LANDEN,true,50.7645054,5.0839869
4231101,Zandgroeve KERKOM,true,50.8514987,4.8828645
4231201,Het Broek MOLENSTEDE,true,50.9935974,5.0100110
4231301,Gempvijvers ST. JORIS-WINGE,true,50.9022056,4.8528557
4231302,Schubbeek LUBBEEK,true,50.9045163,4.8502320
4231401,Pastorijvijver LANGDORP,true,50.9945210,4.8731354
4231501,Vijvers van Schoonhoven AARSCHOT,true,50.9820719,4.8555408
4231601,Rillaer MESSELBROEK,true,50.9963490,4.9295590
4231701,Putten van Fonteyn TREMELO,true,50.9900888,4.6967752
4231802,De Spicht LUBBEEK,true,50.8977815,4.8469269
4231803,Vijver Serclaes LUBBEEK (=Lubbeek Kapel),true,50.8812571,4.8523094
4231901,Horst ST. PIETERS-RODE,true,50.9337987,4.8320888
4232001,Vijvers  AVERBODE,true,51.0304514,4.9965433
4232101,De Schans SCHAFFEN,true,51.0152021,5.0612799
4232401,Molensteen OPVELP-NEERVELP,true,50.8159968,4.8033833
4232501,Wachtbekken Velpe KORTENAKEN-MISKOM,true,50.8814170,5.0046321
4232601,Het Vinne ZOUTLEEUW,true,50.8401522,5.1280701
4232701,Paddepoel Velpevallei BUNSBEEK,true,50.8515072,4.9345272
4232802,Aronsthoek GEETBETS,true,50.8962399,5.1208128
4233001,Blauwmolen KORTRIJK-DUTSEL,true,50.9385737,4.8057262
4233101,Getevallei LINTER,true,50.8368840,5.0471155
4233201,Blauwschuurbroek OPVELP,true,50.8192690,4.7934094
4233301,Getebeemden Laterbroeken OPLINTER,true,50.8218469,5.0025814
4233401,Waterhoeve MOLENBEEK-WERSBEEK,true,50.9214931,4.9507156
4233501,Getevallei Bellekom OVERLAAR,true,50.7847730,4.9080186
4233601,Papenbroek Bekkevoort  ASSENT,true,50.9634990,5.0375208
4233701,De Zicht HOLSBEEK,true,50.9220875,4.7384606
5190101,Begijnenvijvers HECHTEL,true,51.1080372,5.3921283
5190302,Vennen MEEUWEN,true,51.0530471,5.4900767
5190403,Sahara LOMMEL,true,51.2502174,5.2906991
5190404,Heiderheide LOMMEL,false,51.2571917,5.3214145
5190411,Kristallijn LOMMEL,true,51.2294283,5.2181190
5190412,Zandput Hoeverdijk Noord (vroeger zandput Hoeverheide),true,51.2117605,5.3538619
5190413,Zandput Hoeverdijk Zuid (vroeger zandput Hoeverheide),true,51.2088372,5.3496972
5190414,Grote Baggerput (vroeger Sibelco),true,51.2339576,5.2378189
5190415,Nieuwe Baggerput (vroeger Sibelco),true,51.2349941,5.2506424
5190416,"Kanaal Bocholt-Herentals tss Provinciegrens,  brug N746 & brug N712",true,51.2450958,5.2544781
5190417,Kanaal Bocholt-Herentals tss brug N746 & brug N715,true,51.2460652,5.3465912
5190418,Velbo West (vroeger Lommel Kolonie),false,51.2469461,5.3636873
5190419,Velbo Oost (vroeger Lommel Kolonie),true,51.2458289,5.3930831
5190501,Militair Domein/Vennen HELCHTEREN,true,51.0496307,5.4415097
5190601,Put A24 NEERPELT,true,51.2435053,5.4012813
5190602,Hageven NEERPELT,true,51.2599202,5.4159988
5190701,Kanaal BOCHOLT-LOZEN,true,51.1949729,5.5681272
5190702,Lozerheide (kweekvijvers) BOCHOLT-LOZEN,true,51.2105557,5.5484628
5200102,Laambroekvijvers HOUTHALEN-HELCHTEREN,true,51.0170108,5.3514901
5200103,Kelchterhoef HOUTHALEN-HELCHTEREN,true,51.0334543,5.4248801
5200104,Hengelhoef HOUTHALEN-HELCHTEREN,true,51.0144665,5.4782385
5200201,Platwijers ZONHOVEN,true,50.9679333,5.3386497
5200202,Wijvenheide ZONHOVEN,true,50.9870411,5.3194494
5200204,Kolberg + Zonderik HASSELT,true,50.9698444,5.3051949
5200206,Ter Donk ZONHOVEN,true,50.9791009,5.3424470
5200207,Vogelsanck ZONHOVEN,true,50.9975663,5.2990258
5200208,Ballewijer ZONHOVEN,true,50.9894285,5.4028693
5200301,Schulensbroek SCHULEN,true,50.9587652,5.1517106
5200501,Terlaemen HEUSDEN-ZOLDER,true,50.9998347,5.2791025
5200502,Vijver Op 't Aenhof HEUSDEN-ZOLDER,true,51.0300131,5.3421484
5200503,Albertkanaal brug E314-brug Stokrooie HEUSDEN-ZOLDER,true,50.9837135,5.2550270
5200601,Borggraevevijvers HASSELT,true,50.9495703,5.3828374
5200602,Albertkanaal brug Stokrooie - Kempische brug HASSELT (KURINGEN),true,50.9541736,5.3128194
5200902,Tiewinkelerheide LUMMEN,true,50.9739915,5.2144118
5200903,Albertkanaal brug Beringen-brug E314 LUMMEN,true,51.0216069,5.2303486
5201201,Paalse Plas BERINGEN,true,51.0562376,5.1559323
5201202,Albertkanaal ten westen van brug Beringen BERINGEN,true,51.0620608,5.1987303
5201301,Albertkanaal + Kanaalkom + Haven Sneb TESSENDERLO,true,51.0792445,5.1616403
5201302,Kanaalkom HULST-TESSENDERLO,true,51.0944840,5.1367154
5201303,Afvalwaterbekken Kepkensberg TESSENDERLO,true,51.0757802,5.1105053
5210101,Kessenich KINROOI,true,51.1481058,5.8420792
5210201,Houbenhof OPHOVEN-KINROOI,true,51.1388332,5.8282973
5210301,Klauwenhof ALDENEIK-MAASEIK,true,51.1006388,5.8200067
5210401,Kanaalkom Zuid-Willemsvaart REKEM-LANAKEN,true,50.9067643,5.6878157
5210601,Gravelco BOORSEM-MAASMECHELEN,true,50.9482982,5.7204350
5210603,Maesbeempder Greent EISDEN-MAASMECHELEN,true,50.9805790,5.7319947
5210607,Maasvallei (vijvers mijnterrein) EISDEN,true,51.0023215,5.6845442
5210608,Tuinwijk EISDEN,true,50.9950798,5.7014542
5210702,Komatco BOORSEM-MAASMECHELEN,true,50.9322735,5.7155819
5210801,Bichterweert DILSEN-STOKKEM,true,51.0518778,5.7607448
5210903,Gralex: Negenoord-Kerkeweerd DILSEN-STOKKEM,true,51.0239165,5.7622996
5211102,Oude Maasarm + plassen met Koeweide DILSEN-STOKKEM,true,51.0349102,5.7437360
5211401,Uiterwaarden Heppeneert MAASEIK,true,51.0718632,5.7865559
5211702,Stamprooierbroek + Zig KINROOI,true,51.1663909,5.6986046
5211802,Bergerven MAASEIK,true,51.0667109,5.6919961
5211901,Hochter Bampd (Smeermaas)  NEERHAREN-LANAKEN,true,50.9027638,5.6932838
5214301,Briegden-Albertkanaal LANAKEN,true,50.8789651,5.6364692
5214401,De Luysen + Mariahof BREE,true,51.1805480,5.6626904
5214402,Zuid-Willemsvaart brug Bocholt - brug Bree,true,51.1591603,5.6084895
5214403,Zuid-Willemsvaart brug Bree - brug Neeroeteren,true,51.1167112,5.6645078
5214404,Zuid-Willemsvaart brug Neeroeteren - brug Dilsen,true,51.0562971,5.7018688
5214405,Zuid-Willemsvaart brug Dilsen - Kanaalkom Neerharen,true,50.9757831,5.7105953
5220101,Groenendaal BILZEN,true,50.8874424,5.5463244
5220201,Stevoorden EIGENBILZEN,true,50.8958205,5.5718508
5220202,Albertkanaal BILZEN,true,50.8983532,5.5640213
5220203,Zangerhei EIGENBILZEN,true,50.8902567,5.5571069
5220301,Zandgroeve ZUTENDAAL,true,50.9231590,5.5617070
5220403,Wik Bokrijk BOKRIJK,true,50.9715828,5.4277514
5220404,Westelijk Vijverbekken BOKRIJK,true,50.9591972,5.3910606
5220501,De Maten GENK,true,50.9503090,5.4493455
5220503,Lang Water DIEPENBEEK,true,50.9439265,5.4177565
5220601,Albertkanaal Kempische brug - Tuikabelbrug HASSELT,true,50.9406322,5.3757524
5220603,Demervallei (grens Diepenbeek - grens Herk-de-Stad HASSELT (inclusief vijver Kiewit),true,50.9517979,5.3063295
5220701,Albertkanaal GENK-DIEPENBEEK (oost van Tuikabelbrug),true,50.9366412,5.4621283
5220801,Albertkanaal RIEMST-VROENHOVEN,true,50.8203349,5.6546687
5220901,Wachtbekken Maasrode HALMAAL ST-TRUIDEN,true,50.7988687,5.1450900
5221001,"Kasteelvijver ""Peten"" VELM",true,50.7705467,5.1395275
5221101,Wachtbekken Bevingen SINT-TRUIDEN,true,50.7938504,5.1792525
9999997,Schelde Kanaaldok Wintam,false,51.1216746,4.3041696
